#pragma once
#include <cstddef>
#include <cstdint>

namespace hermes_buddy::frames {

struct Frame {
    uint16_t width;
    uint16_t height;
    const uint8_t *data;
};

enum class Expression : uint8_t {
    Happy,
    Crying,
    Angry,
    Surprised,
};

static const uint8_t happy_frame_1[] = {
    0x00, 0x00, 0x00, 0x00, 0x00, 0x00, 0x00, 0x00, 0x00, 0x00, 0x00, 0x00,
    0x00, 0x00, 0x00, 0x00, 0x00, 0x00, 0x00, 0x00, 0x00, 0x00, 0x00, 0x00,
    0x00, 0x00, 0x00, 0x00, 0x00, 0x00, 0x00, 0x00, 0x00, 0x00, 0x00, 0x00,
    0x00, 0x00, 0x00, 0x00, 0x00, 0x00, 0x00, 0x00, 0x00, 0x00, 0x00, 0x00,
    0x00, 0x00, 0x00, 0x00, 0x00, 0x00, 0x00, 0x00, 0x00, 0x00, 0xFF, 0x80,
    0x00, 0x00, 0x00, 0x00, 0x00, 0x00, 0x07, 0xFF, 0xF8, 0x00, 0x00, 0x00,
    0x00, 0x00, 0x00, 0x1F, 0xFF, 0xFE, 0x00, 0x00, 0x00, 0x00, 0x00, 0x00,
    0x7C, 0x00, 0xFF, 0x00, 0x00, 0x00, 0x00, 0x00, 0x00, 0xE7, 0xE0, 0x3F,
    0xC0, 0x00, 0x00, 0x00, 0x00, 0x01, 0xFF, 0xFC, 0x0F, 0xE0, 0x00, 0x00,
    0x00, 0x00, 0x07, 0xFF, 0xFF, 0x07, 0xF0, 0x00, 0x00, 0x00, 0x00, 0x0F,
    0xFF, 0xFF, 0x83, 0xF8, 0x00, 0x00, 0x00, 0x00, 0x1F, 0xFF, 0xFF, 0xC1,
    0xF8, 0x00, 0x00, 0x00, 0x00, 0x3F, 0xFF, 0xFF, 0xE0, 0xFC, 0x00, 0x00,
    0x00, 0x00, 0x7F, 0xFF, 0xFF, 0xF0, 0x7E, 0x00, 0x00, 0x00, 0x00, 0x7F,
    0xFF, 0xFF, 0xF8, 0x7E, 0x00, 0x00, 0x00, 0x00, 0xFF, 0xFF, 0xFF, 0xFC,
    0x3F, 0x00, 0x00, 0x00, 0x00, 0xFF, 0xFF, 0xFF, 0xFC, 0x3F, 0x00, 0x00,
    0x00, 0x01, 0xFF, 0xFF, 0xFF, 0xFE, 0x3F, 0x00, 0x00, 0x00, 0x01, 0xFF,
    0xFF, 0xFF, 0xFE, 0x1F, 0x80, 0x00, 0x00, 0x01, 0xFF, 0xFF, 0xFF, 0xFE,
    0x1F, 0x80, 0x00, 0x00, 0x03, 0xFF, 0xFF, 0xFF, 0xFF, 0x1F, 0x80, 0x00,
    0x00, 0x03, 0xFF, 0xFF, 0xFF, 0xFF, 0xFF, 0xC0, 0x00, 0x00, 0x03, 0xFF,
    0xFF, 0xFF, 0xFF, 0xFF, 0xC0, 0x00, 0x00, 0x01, 0xFF, 0xFF, 0xFF, 0xFF,
    0xCF, 0xC0, 0x00, 0x00, 0x01, 0xFF, 0xFF, 0xBF, 0xFF, 0xBF, 0xC0, 0x00,
    0x00, 0x01, 0xFF, 0xBF, 0xDF, 0xFF, 0xFF, 0xE0, 0x00, 0x00, 0x00, 0xFF,
    0xDF, 0xE7, 0xFF, 0xFF, 0xE0, 0x00, 0x00, 0x00, 0x7F, 0x07, 0x83, 0xFF,
    0xFF, 0xE0, 0x00, 0x00, 0x00, 0x70, 0x00, 0x00, 0xFF, 0xFF, 0xE0, 0x00,
    0x00, 0x00, 0x76, 0x00, 0x70, 0x1F, 0xFF, 0xE0, 0x00, 0x00, 0x00, 0x7F,
    0x00, 0xF8, 0x03, 0xFF, 0xE0, 0x00, 0x00, 0x00, 0x3D, 0x80, 0xCC, 0x03,
    0xFF, 0xF0, 0x00, 0x00, 0x00, 0x39, 0x81, 0xCC, 0x03, 0xFF, 0xF0, 0x00,
    0x00, 0x00, 0x3F, 0x81, 0xFC, 0x07, 0xFF, 0xF0, 0x00, 0x00, 0x00, 0x3F,
    0x81, 0xFC, 0x07, 0xFF, 0xF8, 0x00, 0x00, 0x00, 0x3F, 0x80, 0xFC, 0x07,
    0xFF, 0xF8, 0x00, 0x00, 0x00, 0x3F, 0x80, 0xFC, 0x07, 0xFF, 0xF8, 0x00,
    0x00, 0x00, 0x37, 0x00, 0x78, 0x07, 0xFF, 0xFC, 0x00, 0x00, 0x00, 0x70,
    0x00, 0x00, 0x0F, 0xFF, 0xFC, 0x00, 0x00, 0x00, 0x70, 0x00, 0x00, 0x0F,
    0xFF, 0xFC, 0x00, 0x00, 0x00, 0x78, 0x1F, 0x80, 0x0F, 0xFF, 0xFE, 0x00,
    0x00, 0x00, 0x78, 0x3F, 0x80, 0x0D, 0xFF, 0xFE, 0x00, 0x00, 0x00, 0x7C,
    0x30, 0x80, 0x0F, 0xFF, 0xDE, 0x00, 0x00, 0x00, 0x7C, 0x31, 0x80, 0x0F,
    0xFF, 0xCE, 0x00, 0x00, 0x0C, 0x7E, 0x1F, 0x00, 0x1F, 0xFF, 0xCE, 0x01,
    0x00, 0x0C, 0xFF, 0x0E, 0x00, 0x3F, 0xFF, 0xDE, 0x01, 0x00, 0x0F, 0xFF,
    0x80, 0x00, 0x3F, 0xFF, 0xDE, 0x01, 0x00, 0x0F, 0xFF, 0xE0, 0x00, 0x7F,
    0xFF, 0x9E, 0x01, 0x00, 0x0F, 0xFF, 0xFE, 0x00, 0x3F, 0xFF, 0xBE, 0x01,
    0x00, 0x0F, 0xFF, 0xFF, 0xC0, 0x3F, 0xFF, 0xFE, 0x01, 0x00, 0x07, 0xFF,
    0xFF, 0xC0, 0x1F, 0xFF, 0xFC, 0x01, 0x00, 0x07, 0xFF, 0xFF, 0xC0, 0x3F,
    0xFF, 0xF8, 0x00, 0x00, 0x03, 0xFF, 0xFF, 0xC3, 0xFC, 0x3F, 0xF0, 0x00,
    0x00, 0x01, 0xFF, 0xFF, 0xDF, 0xF0, 0x1F, 0xE0, 0x00, 0x00, 0x00, 0x3B,
    0xFC, 0xFE, 0x60, 0x0F, 0x00, 0x00, 0x00, 0x00, 0x07, 0xF0, 0xE0, 0xC0,
    0x0F, 0x80, 0x00, 0x00, 0x00, 0x07, 0xE0, 0x00, 0xC0, 0x07, 0x80, 0x00,
    0x00, 0x00, 0x00, 0x00, 0x00, 0x00, 0x00, 0x00, 0x00, 0x00, 0x00, 0x00,
    0x00, 0x00, 0x00, 0x00, 0x00, 0x00, 0x00, 0x00, 0x00, 0x00, 0x00, 0x00,
    0x00, 0x00, 0x00, 0x00, 0x00, 0x00, 0x00, 0x00, 0x00, 0x00, 0x00, 0x00,
    0x00, 0x00, 0x00, 0x00, 0x00, 0x00, 0x00, 0x00, 0x00, 0x00, 0x00, 0x00,
    0x00, 0x00, 0x00, 0x00, 0x00, 0x00, 0x00, 0x00, 0x00, 0x00, 0x00, 0x00,
    0x00, 0x00, 0x00, 0x00, 0x00, 0x00, 0x00, 0x1C, 0x00, 0x00, 0x00, 0x00,
    0x00, 0x00, 0x00, 0x00, 0x0C, 0x00, 0x00, 0x00, 0x00, 0x00, 0x00, 0x00,
    0x00, 0x0C, 0x00, 0x00, 0x00, 0x00, 0x00, 0x00, 0x00, 0x00, 0x0C, 0x00,
    0x00, 0x00, 0x00, 0x00, 0x00, 0x00, 0x00, 0x0C, 0x00, 0x00, 0x00, 0x00,
    0x00, 0x00, 0x00, 0x00, 0x0C, 0x00, 0x00, 0x00, 0x00, 0x00, 0x00, 0x00,
    0x00, 0x04, 0x00, 0x00, 0x00, 0x00, 0x00, 0x00, 0x00, 0x00, 0x00, 0x00,
    0x00, 0x00, 0x00, 0x00, 0x00, 0x00, 0x00, 0x00, 0x00, 0x00, 0x00, 0x00
};
static const uint8_t happy_frame_2[] = {
    0x00, 0x00, 0x00, 0x00, 0x00, 0x00, 0x00, 0x00, 0x00, 0x00, 0x00, 0x00,
    0x00, 0x00, 0x00, 0x00, 0x00, 0x00, 0x00, 0x00, 0x00, 0x00, 0x00, 0x00,
    0x00, 0x00, 0x00, 0x00, 0x00, 0x00, 0x00, 0x00, 0x00, 0x00, 0x00, 0x00,
    0x00, 0x00, 0x00, 0x00, 0x00, 0x00, 0x00, 0x00, 0x00, 0x00, 0x00, 0x00,
    0x00, 0x00, 0x00, 0x00, 0x00, 0x00, 0x00, 0x00, 0x00, 0x00, 0x07, 0xF8,
    0x00, 0x00, 0x00, 0x00, 0x00, 0x00, 0x00, 0x7F, 0xFF, 0x80, 0x00, 0x00,
    0x00, 0x00, 0x00, 0x01, 0xFF, 0xFF, 0xE0, 0x00, 0x00, 0x00, 0x00, 0x00,
    0x07, 0xC0, 0x0F, 0xF0, 0x00, 0x00, 0x00, 0x00, 0x00, 0x0F, 0x7E, 0x03,
    0xFC, 0x00, 0x00, 0x00, 0x00, 0x00, 0x1F, 0xFF, 0xC0, 0xFE, 0x00, 0x00,
    0x00, 0x00, 0x00, 0x7F, 0xFF, 0xF0, 0x7F, 0x00, 0x00, 0x00, 0x00, 0x00,
    0xFF, 0xFF, 0xF8, 0x3F, 0x80, 0x00, 0x00, 0x00, 0x01, 0xFF, 0xFF, 0xFC,
    0x1F, 0x80, 0x00, 0x00, 0x00, 0x03, 0xFF, 0xFF, 0xFE, 0x0F, 0xC0, 0x00,
    0x00, 0x00, 0x03, 0xFF, 0xFF, 0xFF, 0x07, 0xE0, 0x00, 0x80, 0x00, 0x07,
    0xFF, 0xFF, 0xFF, 0x87, 0xE0, 0x00, 0x80, 0x00, 0x0F, 0xFF, 0xFF, 0xFF,
    0xC3, 0xF0, 0x00, 0xC0, 0x00, 0x0F, 0xFF, 0xFF, 0xFF, 0xC3, 0xF0, 0x00,
    0xC0, 0x00, 0x1F, 0xFF, 0xFF, 0xFF, 0xE3, 0xF8, 0x00, 0xC0, 0x00, 0x1F,
    0xFF, 0xFF, 0xFF, 0xE1, 0xF8, 0x00, 0xC0, 0x00, 0x1F, 0xFF, 0xFF, 0xFF,
    0xE1, 0xF8, 0x00, 0xE0, 0x00, 0x1F, 0xFF, 0xFF, 0xFF, 0xF1, 0xF8, 0x00,
    0xE0, 0x00, 0x1F, 0xFF, 0xFF, 0xFF, 0xFF, 0xFC, 0x00, 0xE0, 0x00, 0x1F,
    0xFF, 0xFF, 0xFF, 0xFF, 0xFC, 0x00, 0xE0, 0x00, 0x1F, 0xFF, 0xFF, 0xFF,
    0xF8, 0xFC, 0x00, 0xF0, 0x00, 0x1F, 0xFF, 0xFB, 0xFF, 0xFB, 0xFC, 0x00,
    0xF0, 0x00, 0x0F, 0xFB, 0xFD, 0xFF, 0xFF, 0xFE, 0x00, 0xF0, 0x00, 0x0F,
    0xFD, 0xFE, 0x7F, 0xFF, 0xFE, 0x00, 0xF0, 0x00, 0x07, 0xF0, 0x78, 0x3F,
    0xFF, 0xFE, 0x00, 0xF8, 0x00, 0x03, 0x00, 0x00, 0x0F, 0xFF, 0xFE, 0x00,
    0xF8, 0x00, 0x07, 0x70, 0x07, 0x81, 0xFF, 0xFE, 0x00, 0xF8, 0x00, 0x03,
    0xF0, 0x0F, 0xC0, 0x3F, 0xFF, 0x00, 0xF8, 0x00, 0x03, 0xD8, 0x0C, 0xC0,
    0x3F, 0xFF, 0x00, 0xF8, 0x00, 0x03, 0xD8, 0x0C, 0xE0, 0x3F, 0xFF, 0x00,
    0xFC, 0x00, 0x03, 0xF8, 0x1F, 0xE0, 0x7F, 0xFF, 0x00, 0xFC, 0x00, 0x03,
    0xF8, 0x1F, 0xE0, 0x7F, 0xFF, 0x80, 0xFC, 0x00, 0x03, 0xF8, 0x0F, 0xC0,
    0x7F, 0xFF, 0x80, 0xFE, 0x00, 0x03, 0xF8, 0x0F, 0xC0, 0x7F, 0xFF, 0xC0,
    0xFE, 0x00, 0x03, 0x70, 0x07, 0x80, 0x7F, 0xFF, 0xC0, 0xFE, 0x00, 0x03,
    0x00, 0x00, 0x00, 0xFF, 0xFF, 0xC0, 0xFF, 0x00, 0x07, 0x80, 0x00, 0x00,
    0xFF, 0xFF, 0xC0, 0xFF, 0x00, 0x07, 0x81, 0xF8, 0x00, 0xDF, 0xFF, 0xE0,
    0xF7, 0x00, 0x07, 0x83, 0xF8, 0x00, 0xDF, 0xFF, 0xE0, 0xF7, 0x00, 0x07,
    0xC3, 0x08, 0x00, 0xFF, 0xFE, 0xE0, 0xF7, 0x00, 0x07, 0xC3, 0x18, 0x00,
    0xFF, 0xFE, 0xE0, 0xF7, 0x00, 0x47, 0xE1, 0xF8, 0x01, 0xFF, 0xFC, 0xE0,
    0xE7, 0x80, 0xCF, 0xF0, 0xF0, 0x03, 0xFF, 0xFC, 0xE0, 0xE7, 0x00, 0xEF,
    0xF8, 0x00, 0x03, 0xFF, 0xFD, 0xE0, 0xEF, 0x00, 0xFF, 0xFE, 0x00, 0x03,
    0xFF, 0xF9, 0xE0, 0xDF, 0x00, 0xFF, 0xFF, 0xE0, 0x03, 0xFF, 0xFB, 0xE0,
    0xFF, 0x00, 0xFF, 0xFF, 0xFC, 0x03, 0xFF, 0xFF, 0xE0, 0xFE, 0x00, 0x7F,
    0xFF, 0xFC, 0x01, 0xFF, 0xFF, 0xC0, 0xFE, 0x00, 0x7F, 0xFF, 0xFC, 0x03,
    0xFF, 0xFF, 0x80, 0xFC, 0x00, 0x3F, 0xFF, 0xFC, 0x3F, 0xC3, 0xFF, 0x80,
    0xF0, 0x00, 0x1F, 0xFF, 0xFD, 0xFF, 0x01, 0xFE, 0x00, 0xC0, 0x00, 0x03,
    0xBF, 0xCF, 0xE6, 0x00, 0xF0, 0x00, 0xC0, 0x00, 0x00, 0x7F, 0x0E, 0x0C,
    0x00, 0x78, 0x00, 0xC0, 0x00, 0x00, 0x7F, 0x00, 0x0C, 0x00, 0x78, 0x00,
    0x00, 0x00, 0x00, 0x00, 0x00, 0x00, 0x00, 0x00, 0x00, 0x00, 0x00, 0x00,
    0x00, 0x00, 0x00, 0x00, 0x00, 0x00, 0x00, 0x00, 0x00, 0x00, 0x00, 0x00,
    0x00, 0x00, 0x00, 0x00, 0x00, 0x00, 0x00, 0x00, 0x00, 0x00, 0x00, 0x00,
    0x00, 0x00, 0x00, 0x00, 0x00, 0x00, 0x00, 0x00, 0x00, 0x00, 0x00, 0x00,
    0x00, 0x00, 0x00, 0x00, 0x00, 0x00, 0x00, 0x00, 0x00, 0x00, 0x00, 0x80,
    0x00, 0x00, 0x00, 0x00, 0x00, 0x00, 0x00, 0x01, 0xE0, 0x00, 0x00, 0x00,
    0x00, 0x00, 0x00, 0x00, 0x01, 0x20, 0x00, 0x00, 0x00, 0x00, 0x00, 0x00,
    0x00, 0x00, 0x60, 0x00, 0x00, 0x00, 0x00, 0x00, 0x00, 0x00, 0x00, 0xC0,
    0x00, 0x00, 0x00, 0x00, 0x00, 0x00, 0x00, 0x01, 0x80, 0x00, 0x00, 0x00,
    0x00, 0x00, 0x00, 0x00, 0x03, 0x60, 0x00, 0x00, 0x00, 0x00, 0x00, 0x00,
    0x00, 0x03, 0xE0, 0x00, 0x00, 0x00, 0x00, 0x00, 0x00, 0x00, 0x00, 0x00,
    0x00, 0x00, 0x00, 0x00, 0x00, 0x00, 0x00, 0x00, 0x00, 0x00, 0x00, 0x00
};
static const uint8_t happy_frame_3[] = {
    0x00, 0x00, 0x00, 0x00, 0x00, 0x00, 0x00, 0x00, 0x00, 0x00, 0x00, 0x00,
    0x00, 0x00, 0x00, 0x00, 0x00, 0x00, 0x00, 0x00, 0x00, 0x00, 0x00, 0x00,
    0x00, 0x00, 0x00, 0x00, 0x00, 0x00, 0x00, 0x00, 0x00, 0x00, 0x00, 0x00,
    0x00, 0x00, 0x00, 0x00, 0x00, 0x00, 0x00, 0x00, 0x00, 0x00, 0x00, 0x00,
    0x00, 0x00, 0x00, 0x00, 0x00, 0x00, 0x00, 0x00, 0x00, 0x1F, 0xF0, 0x00,
    0x00, 0x00, 0x00, 0x00, 0x00, 0x00, 0xFF, 0xFE, 0x00, 0x00, 0x00, 0x00,
    0x00, 0x00, 0x03, 0xFF, 0xFF, 0x80, 0x00, 0x00, 0x00, 0x00, 0x00, 0x0F,
    0x00, 0x3F, 0xE0, 0x00, 0x00, 0x00, 0x00, 0x00, 0x1D, 0xF8, 0x07, 0xF0,
    0x00, 0x00, 0x00, 0x00, 0x00, 0x7F, 0xFF, 0x03, 0xF8, 0x00, 0x00, 0x00,
    0x00, 0x00, 0xFF, 0xFF, 0xC0, 0xFC, 0x00, 0x00, 0x00, 0x00, 0x01, 0xFF,
    0xFF, 0xF0, 0x7E, 0x00, 0x00, 0x00, 0x00, 0x03, 0xFF, 0xFF, 0xF8, 0x3F,
    0x00, 0x00, 0x00, 0x00, 0x07, 0xFF, 0xFF, 0xFC, 0x3F, 0x80, 0x00, 0x01,
    0x00, 0x0F, 0xFF, 0xFF, 0xFE, 0x1F, 0x80, 0x00, 0x03, 0x00, 0x1F, 0xFF,
    0xFF, 0xFE, 0x0F, 0xC0, 0x00, 0x03, 0x00, 0x1F, 0xFF, 0xFF, 0xFF, 0x0F,
    0xC0, 0x00, 0x07, 0x00, 0x3F, 0xFF, 0xFF, 0xFF, 0x87, 0xE0, 0x00, 0x0F,
    0x00, 0x3F, 0xFF, 0xFF, 0xFF, 0x87, 0xE0, 0x00, 0x0F, 0x00, 0x7F, 0xFF,
    0xFF, 0xFF, 0x87, 0xE0, 0x00, 0x0F, 0x00, 0x7F, 0xFF, 0xFF, 0xFF, 0xC7,
    0xF0, 0x00, 0x1F, 0x00, 0x7F, 0xFF, 0xFF, 0xFF, 0xC7, 0xF0, 0x00, 0x1F,
    0x00, 0x7F, 0xFF, 0xFF, 0xFF, 0xFF, 0xF0, 0x00, 0x1F, 0x00, 0x7F, 0xFF,
    0xFF, 0xFF, 0xFF, 0xF0, 0x00, 0x1F, 0x00, 0x7F, 0xFF, 0xFF, 0xFF, 0xF1,
    0xF8, 0x00, 0x1F, 0x00, 0x3F, 0xFF, 0xF7, 0xFF, 0xEF, 0xF8, 0x00, 0x0F,
    0x00, 0x3F, 0xF7, 0xFB, 0xFF, 0xFF, 0xF8, 0x00, 0x0F, 0x00, 0x1F, 0xF3,
    0xFD, 0xFF, 0xFF, 0xF8, 0x00, 0x07, 0x00, 0x1F, 0xE0, 0xE0, 0x7F, 0xFF,
    0xFC, 0x00, 0x03, 0x00, 0x0E, 0x00, 0x00, 0x1F, 0xFF, 0xFC, 0x00, 0x03,
    0x00, 0x0E, 0xC0, 0x0E, 0x07, 0xFF, 0xFC, 0x00, 0x03, 0x00, 0x0F, 0xE0,
    0x1F, 0x00, 0xFF, 0xFC, 0x00, 0x03, 0x00, 0x0F, 0x60, 0x3B, 0x80, 0xFF,
    0xFC, 0x00, 0x03, 0x00, 0x0F, 0x70, 0x3B, 0x80, 0xFF, 0xFC, 0x00, 0x03,
    0x00, 0x0F, 0xF0, 0x3F, 0x80, 0xFF, 0xFE, 0x00, 0x03, 0x00, 0x0F, 0xF0,
    0x3F, 0x80, 0xFF, 0xFE, 0x00, 0x03, 0x00, 0x0F, 0xF0, 0x3F, 0x80, 0xFF,
    0xFF, 0x00, 0x03, 0x00, 0x0F, 0xE0, 0x1F, 0x01, 0xFF, 0xFF, 0x00, 0x03,
    0x00, 0x0E, 0xC0, 0x1F, 0x01, 0xFF, 0xFF, 0x00, 0x03, 0x00, 0x0E, 0x00,
    0x00, 0x01, 0xFF, 0xFF, 0x80, 0x03, 0x00, 0x0E, 0x00, 0x00, 0x01, 0xFF,
    0xFF, 0x80, 0x03, 0x00, 0x0E, 0x07, 0xE0, 0x01, 0xBF, 0xFF, 0x80, 0x03,
    0x00, 0x0F, 0x0F, 0xF0, 0x03, 0xBF, 0xFB, 0x80, 0x03, 0x00, 0x0F, 0x0C,
    0x30, 0x03, 0xFF, 0xFB, 0xC0, 0x03, 0x00, 0x1F, 0x86, 0x30, 0x03, 0xFF,
    0xFB, 0xC0, 0x03, 0x01, 0x1F, 0xC7, 0x60, 0x03, 0xFF, 0xFB, 0xC0, 0x47,
    0x01, 0x9F, 0xE3, 0xC0, 0x07, 0xFF, 0xFB, 0xC0, 0x47, 0x01, 0xBF, 0xF0,
    0x00, 0x0F, 0xFF, 0xF3, 0xC0, 0x6F, 0x01, 0xFF, 0xFC, 0x00, 0x0F, 0xFF,
    0xF7, 0xC0, 0xFF, 0x01, 0xFF, 0xFF, 0xC0, 0x0F, 0xFF, 0xEF, 0x80, 0x7F,
    0x01, 0xFF, 0xFF, 0xF8, 0x07, 0xFF, 0xFF, 0x80, 0x7F, 0x01, 0xFF, 0xFF,
    0xF8, 0x07, 0xFF, 0xFF, 0x80, 0x7F, 0x00, 0xFF, 0xFF, 0xF8, 0x0F, 0xFF,
    0xFF, 0x00, 0x3F, 0x00, 0x7F, 0xFF, 0xF8, 0x7F, 0x8F, 0xFE, 0x00, 0x1F,
    0x00, 0x3F, 0xFF, 0xFF, 0xFE, 0x03, 0xF8, 0x00, 0x0F, 0x00, 0x0E, 0x7F,
    0x3F, 0xDC, 0x01, 0xE0, 0x00, 0x03, 0x00, 0x00, 0xFE, 0x3C, 0x18, 0x01,
    0xE0, 0x00, 0x00, 0x00, 0x01, 0xFC, 0x00, 0x10, 0x01, 0xF0, 0x00, 0x00,
    0x00, 0x00, 0x00, 0x00, 0x00, 0x00, 0x00, 0x00, 0x00, 0x00, 0x00, 0x00,
    0x00, 0x00, 0x00, 0x00, 0x00, 0x00, 0x00, 0x00, 0x00, 0x00, 0x00, 0x00,
    0x00, 0x00, 0x00, 0x00, 0x00, 0x00, 0x00, 0x00, 0x00, 0x00, 0x00, 0x00,
    0x00, 0x00, 0x00, 0x00, 0x00, 0x00, 0x00, 0x00, 0x00, 0x00, 0x00, 0x00,
    0x00, 0x00, 0x00, 0x00, 0x00, 0x00, 0x00, 0x00, 0x00, 0x01, 0x00, 0x00,
    0x00, 0x00, 0x00, 0x00, 0x00, 0x00, 0x07, 0xC0, 0x00, 0x00, 0x00, 0x00,
    0x00, 0x00, 0x00, 0x04, 0xC0, 0x00, 0x00, 0x00, 0x00, 0x00, 0x00, 0x00,
    0x01, 0xC0, 0x00, 0x00, 0x00, 0x00, 0x00, 0x00, 0x00, 0x03, 0x80, 0x00,
    0x00, 0x00, 0x00, 0x00, 0x00, 0x00, 0x00, 0xC0, 0x00, 0x00, 0x00, 0x00,
    0x00, 0x00, 0x00, 0x06, 0xC0, 0x00, 0x00, 0x00, 0x00, 0x00, 0x00, 0x00,
    0x03, 0x80, 0x00, 0x00, 0x00, 0x00, 0x00, 0x00, 0x00, 0x00, 0x00, 0x00,
    0x00, 0x00, 0x00, 0x00, 0x00, 0x00, 0x00, 0x00, 0x00, 0x00, 0x00, 0x00
};
static const uint8_t happy_frame_4[] = {
    0x00, 0x00, 0x00, 0x00, 0x00, 0x00, 0x00, 0x00, 0x00, 0x00, 0x00, 0x00,
    0x00, 0x00, 0x00, 0x00, 0x00, 0x00, 0x00, 0x00, 0x00, 0x00, 0x00, 0x00,
    0x00, 0x00, 0x00, 0x00, 0x00, 0x00, 0x00, 0x00, 0x00, 0x00, 0x00, 0x00,
    0x00, 0x00, 0x00, 0x00, 0x00, 0x00, 0x00, 0x00, 0x00, 0x00, 0x00, 0x00,
    0x00, 0x00, 0x00, 0x00, 0x00, 0x00, 0x00, 0x00, 0x00, 0xFF, 0xC0, 0x00,
    0x00, 0x00, 0x00, 0x00, 0x00, 0x07, 0xFF, 0xF8, 0x00, 0x00, 0x00, 0x00,
    0x00, 0x00, 0x1F, 0xFF, 0xFE, 0x00, 0x00, 0x00, 0x00, 0x00, 0x00, 0x78,
    0x00, 0xFF, 0x00, 0x00, 0x00, 0x00, 0x00, 0x00, 0xF7, 0xE0, 0x3F, 0xC0,
    0x00, 0x00, 0x00, 0x00, 0x03, 0xFF, 0xFC, 0x0F, 0xE0, 0x00, 0x00, 0x00,
    0x00, 0x07, 0xFF, 0xFF, 0x07, 0xF0, 0x00, 0x00, 0x00, 0x00, 0x0F, 0xFF,
    0xFF, 0x83, 0xF8, 0x00, 0x00, 0x03, 0x00, 0x1F, 0xFF, 0xFF, 0xC1, 0xF8,
    0x00, 0x00, 0x07, 0x00, 0x3F, 0xFF, 0xFF, 0xE0, 0xFC, 0x00, 0x00, 0x0F,
    0x00, 0x7F, 0xFF, 0xFF, 0xF0, 0x7E, 0x00, 0x00, 0x0F, 0x00, 0x7F, 0xFF,
    0xFF, 0xF8, 0x7E, 0x00, 0x00, 0x1F, 0x00, 0xFF, 0xFF, 0xFF, 0xF8, 0x3F,
    0x00, 0x00, 0x3F, 0x01, 0xFF, 0xFF, 0xFF, 0xFC, 0x3F, 0x00, 0x00, 0x3F,
    0x01, 0xFF, 0xFF, 0xFF, 0xFC, 0x3F, 0x00, 0x00, 0x7F, 0x01, 0xFF, 0xFF,
    0xFF, 0xFE, 0x3F, 0x80, 0x00, 0x7F, 0x03, 0xFF, 0xFF, 0xFF, 0xFE, 0x1F,
    0x80, 0x00, 0x7F, 0x03, 0xFF, 0xFF, 0xFF, 0xFF, 0x1F, 0x80, 0x00, 0x7F,
    0x03, 0xFF, 0xFF, 0xFF, 0xFF, 0xFF, 0x80, 0x00, 0xFF, 0x03, 0xFF, 0xFF,
    0xFF, 0xFF, 0xFF, 0xC0, 0x00, 0x7F, 0x01, 0xFF, 0xFF, 0x7F, 0xFF, 0x8F,
    0xC0, 0x00, 0x7F, 0x01, 0xFF, 0xFF, 0xBF, 0xFF, 0x7F, 0xC0, 0x00, 0x7F,
    0x01, 0xFF, 0xBF, 0xDF, 0xFF, 0xFF, 0xC0, 0x00, 0x3F, 0x00, 0xFF, 0xDF,
    0xEF, 0xFF, 0xFF, 0xE0, 0x00, 0x3F, 0x00, 0x7F, 0x03, 0x03, 0xFF, 0xFF,
    0xE0, 0x00, 0x1F, 0x00, 0x70, 0x00, 0x00, 0xFF, 0xFF, 0xE0, 0x00, 0x1C,
    0x00, 0x70, 0x00, 0x70, 0x1F, 0xFF, 0xE0, 0x00, 0x1C, 0x00, 0x70, 0x00,
    0xF8, 0x07, 0xFF, 0xE0, 0x00, 0x0C, 0x00, 0x70, 0x00, 0xCC, 0x03, 0xFF,
    0xF0, 0x00, 0x0C, 0x00, 0x70, 0x01, 0xDC, 0x07, 0xFF, 0xF0, 0x00, 0x0C,
    0x00, 0x72, 0x01, 0xFC, 0x07, 0xFF, 0xF0, 0x00, 0x0C, 0x00, 0x7F, 0x81,
    0xFC, 0x07, 0xFF, 0xF8, 0x00, 0x0D, 0x00, 0x7F, 0x81, 0xFC, 0x07, 0xFF,
    0xF8, 0x00, 0x0F, 0x00, 0x78, 0x80, 0xFC, 0x07, 0xFF, 0xF8, 0x00, 0x0E,
    0x00, 0x70, 0x00, 0x78, 0x07, 0xFF, 0xFC, 0x00, 0x0C, 0x00, 0x70, 0x00,
    0x00, 0x0F, 0xFF, 0xFC, 0x00, 0x0C, 0x00, 0x70, 0x00, 0x00, 0x0F, 0xFF,
    0xFC, 0x00, 0x0C, 0x00, 0x78, 0x3F, 0x00, 0x0D, 0xFF, 0xFC, 0x00, 0x1E,
    0x00, 0x78, 0x3F, 0x80, 0x0D, 0xFF, 0xDE, 0x00, 0x1E, 0x00, 0x78, 0x21,
    0x80, 0x0F, 0xFF, 0xDE, 0x00, 0x1F, 0x00, 0x7C, 0x31, 0x80, 0x0F, 0xFF,
    0xDE, 0x00, 0x1F, 0x08, 0xFE, 0x3B, 0x00, 0x1F, 0xFF, 0xCE, 0x01, 0x1F,
    0x0C, 0xFF, 0x1E, 0x00, 0x3F, 0xFF, 0xDE, 0x03, 0x3F, 0x0D, 0xFF, 0x80,
    0x00, 0x3F, 0xFF, 0xDE, 0x03, 0xFF, 0x0F, 0xFF, 0xE0, 0x00, 0x7F, 0xFF,
    0x9E, 0x03, 0xFF, 0x0F, 0xFF, 0xFF, 0x80, 0x7F, 0xFF, 0xBE, 0x03, 0xFF,
    0x0F, 0xFF, 0xFF, 0xC0, 0x3F, 0xFF, 0xFC, 0x03, 0xFF, 0x0F, 0xFF, 0xFF,
    0xC0, 0x1F, 0xFF, 0xFC, 0x01, 0xFF, 0x07, 0xFF, 0xFF, 0xC0, 0x7F, 0xFF,
    0xF8, 0x01, 0xFF, 0x03, 0xFF, 0xFF, 0xC3, 0xFC, 0x3F, 0xF0, 0x00, 0xFF,
    0x01, 0xFF, 0xFF, 0xDF, 0xF0, 0x1F, 0xE0, 0x00, 0x7F, 0x00, 0x33, 0xF9,
    0xFE, 0x60, 0x0F, 0x00, 0x00, 0x0E, 0x00, 0x07, 0xF1, 0xE0, 0xC0, 0x0F,
    0x80, 0x00, 0x00, 0x00, 0x0F, 0xE0, 0x00, 0xC0, 0x07, 0x80, 0x00, 0x01,
    0x00, 0x00, 0x00, 0x00, 0x00, 0x00, 0x00, 0x00, 0x00, 0x00, 0x00, 0x00,
    0x00, 0x00, 0x00, 0x00, 0x00, 0x00, 0x00, 0x00, 0x00, 0x00, 0x00, 0x00,
    0x00, 0x00, 0x00, 0x00, 0x00, 0x00, 0x00, 0x00, 0x00, 0x00, 0x00, 0x00,
    0x00, 0x00, 0x00, 0x00, 0x00, 0x00, 0x00, 0x00, 0x00, 0x00, 0x00, 0x00,
    0x00, 0x00, 0x00, 0x00, 0x00, 0x00, 0x00, 0x00, 0x00, 0x00, 0x00, 0x00,
    0x00, 0x00, 0x00, 0x00, 0x00, 0x00, 0x0C, 0x00, 0x00, 0x00, 0x00, 0x00,
    0x00, 0x00, 0x00, 0x0C, 0x00, 0x00, 0x00, 0x00, 0x00, 0x00, 0x00, 0x00,
    0x1E, 0x00, 0x00, 0x00, 0x00, 0x00, 0x00, 0x00, 0x00, 0x36, 0x00, 0x00,
    0x00, 0x00, 0x00, 0x00, 0x00, 0x00, 0x3E, 0x00, 0x00, 0x00, 0x00, 0x00,
    0x00, 0x00, 0x00, 0x06, 0x00, 0x00, 0x00, 0x00, 0x00, 0x00, 0x00, 0x00,
    0x04, 0x00, 0x00, 0x00, 0x00, 0x00, 0x00, 0x00, 0x00, 0x00, 0x00, 0x00,
    0x00, 0x00, 0x00, 0x00, 0x00, 0x00, 0x00, 0x00, 0x00, 0x00, 0x00, 0x00
};
static const uint8_t happy_frame_5[] = {
    0x00, 0x00, 0x00, 0x00, 0x00, 0x00, 0x00, 0x00, 0x00, 0x00, 0x00, 0x00,
    0x00, 0x00, 0x00, 0x00, 0x00, 0x00, 0x00, 0x00, 0x00, 0x00, 0x00, 0x00,
    0x00, 0x00, 0x00, 0x00, 0x00, 0x00, 0x00, 0x00, 0x00, 0x00, 0x00, 0x00,
    0x00, 0x00, 0x00, 0x00, 0x00, 0x00, 0x00, 0x00, 0x00, 0x00, 0x00, 0x00,
    0x00, 0x00, 0x00, 0x00, 0x00, 0x00, 0x00, 0x00, 0x00, 0x0F, 0xF8, 0x00,
    0x00, 0x00, 0x00, 0x00, 0x00, 0x00, 0x7F, 0xFF, 0x00, 0x00, 0x00, 0x00,
    0x00, 0x00, 0x01, 0xFF, 0xFF, 0xE0, 0x00, 0x00, 0x00, 0x00, 0x00, 0x07,
    0x80, 0x1F, 0xF0, 0x00, 0x00, 0x00, 0x00, 0x00, 0x1E, 0x7C, 0x03, 0xF8,
    0x00, 0x00, 0x00, 0x00, 0x00, 0x3F, 0xFF, 0xC0, 0xFE, 0x00, 0x00, 0x00,
    0x00, 0x00, 0x7F, 0xFF, 0xE0, 0x7F, 0x00, 0x00, 0x00, 0x00, 0x00, 0xFF,
    0xFF, 0xF8, 0x3F, 0x00, 0x00, 0x00, 0x00, 0x01, 0xFF, 0xFF, 0xFC, 0x1F,
    0x80, 0x00, 0x00, 0x00, 0x03, 0xFF, 0xFF, 0xFE, 0x0F, 0xC0, 0x00, 0x00,
    0x00, 0x07, 0xFF, 0xFF, 0xFF, 0x0F, 0xC0, 0x00, 0x00, 0x00, 0x0F, 0xFF,
    0xFF, 0xFF, 0x87, 0xE0, 0x00, 0x00, 0x00, 0x0F, 0xFF, 0xFF, 0xFF, 0x87,
    0xE0, 0x00, 0x00, 0x00, 0x1F, 0xFF, 0xFF, 0xFF, 0xC3, 0xF0, 0x00, 0x00,
    0x00, 0x1F, 0xFF, 0xFF, 0xFF, 0xC3, 0xF0, 0x00, 0x00, 0x00, 0x3F, 0xFF,
    0xFF, 0xFF, 0xE3, 0xF0, 0x00, 0x00, 0x00, 0x3F, 0xFF, 0xFF, 0xFF, 0xE3,
    0xF8, 0x00, 0x00, 0x00, 0x3F, 0xFF, 0xFF, 0xFF, 0xE3, 0xF8, 0x00, 0x00,
    0x00, 0x3F, 0xFF, 0xFF, 0xFF, 0xFF, 0xF8, 0x00, 0x00, 0x00, 0x3F, 0xFF,
    0xFF, 0xFF, 0xFF, 0xF8, 0x00, 0x00, 0x00, 0x3F, 0xFF, 0xFF, 0xFF, 0xF8,
    0xFC, 0x00, 0x00, 0x00, 0x3F, 0xFF, 0xFF, 0xFF, 0xF7, 0xFC, 0x00, 0x00,
    0x00, 0x1F, 0xFB, 0xFD, 0xFF, 0xFF, 0xFC, 0x00, 0x00, 0x00, 0x0F, 0xF9,
    0xFC, 0xFF, 0xFF, 0xFC, 0x00, 0x00, 0x00, 0x0F, 0xF0, 0x70, 0x3F, 0xFF,
    0xFE, 0x00, 0x00, 0x00, 0x07, 0x00, 0x00, 0x0F, 0xFF, 0xFE, 0x00, 0x00,
    0x00, 0x07, 0x00, 0x00, 0x03, 0xFF, 0xFE, 0x00, 0x00, 0x00, 0x06, 0x00,
    0x00, 0x00, 0x7F, 0xFE, 0x00, 0x00, 0x00, 0x06, 0x00, 0x00, 0x00, 0x7F,
    0xFE, 0x00, 0x00, 0x00, 0x06, 0x00, 0x00, 0x00, 0x7F, 0xFF, 0x00, 0x00,
    0x00, 0x06, 0x00, 0x00, 0x00, 0x7F, 0xFF, 0x00, 0x00, 0x00, 0x06, 0xF0,
    0x0F, 0x80, 0x7F, 0xFF, 0x00, 0x00, 0x00, 0x07, 0xF8, 0x1F, 0xC0, 0x7F,
    0xFF, 0x80, 0x00, 0x00, 0x07, 0x88, 0x18, 0xC0, 0x7F, 0xFF, 0x80, 0x00,
    0x00, 0x07, 0x00, 0x00, 0x00, 0xFF, 0xFF, 0x80, 0x00, 0x00, 0x07, 0x00,
    0x00, 0x00, 0xFF, 0xFF, 0xC0, 0x00, 0x00, 0x07, 0x00, 0x00, 0x00, 0xFF,
    0xFF, 0xC0, 0x00, 0x00, 0x07, 0x00, 0x00, 0x00, 0xDF, 0xFF, 0xC0, 0x00,
    0x00, 0x07, 0x83, 0xF0, 0x00, 0xDF, 0xFD, 0xC0, 0x00, 0x00, 0x07, 0x87,
    0xF0, 0x00, 0xFF, 0xFD, 0xE0, 0x00, 0x00, 0x0F, 0xC2, 0x30, 0x00, 0xFF,
    0xFD, 0xE0, 0x00, 0x00, 0x8F, 0xC3, 0xF0, 0x01, 0xFF, 0xFD, 0xE0, 0x00,
    0x00, 0x8F, 0xE1, 0xE0, 0x03, 0xFF, 0xFD, 0xE0, 0x00, 0x01, 0xDF, 0xF8,
    0x00, 0x07, 0xFF, 0xF9, 0xE0, 0x00, 0x01, 0xFF, 0xFE, 0x00, 0x07, 0xFF,
    0xFB, 0xE0, 0x00, 0x00, 0xFF, 0xFF, 0xE0, 0x07, 0xFF, 0xF7, 0xE0, 0x00,
    0x00, 0xFF, 0xFF, 0xFC, 0x07, 0xFF, 0xFF, 0xC0, 0x00, 0x00, 0xFF, 0xFF,
    0xFC, 0x03, 0xFF, 0xFF, 0xC0, 0x00, 0x00, 0x7F, 0xFF, 0xFC, 0x07, 0xFF,
    0xFF, 0x80, 0x00, 0x00, 0x3F, 0xFF, 0xF8, 0x3F, 0xC7, 0xFF, 0x00, 0x00,
    0x00, 0x1F, 0xFF, 0xFF, 0xFF, 0x01, 0xFE, 0x00, 0x00, 0x00, 0x07, 0x3F,
    0x9F, 0xEE, 0x00, 0xF0, 0x00, 0x00, 0x00, 0x00, 0x7F, 0x1E, 0x0C, 0x00,
    0xF0, 0x00, 0x00, 0x00, 0x00, 0xFE, 0x00, 0x08, 0x00, 0xF8, 0x00, 0x00,
    0x00, 0x00, 0x00, 0x00, 0x00, 0x00, 0x00, 0x00, 0x00, 0x00, 0x00, 0x00,
    0x00, 0x00, 0x00, 0x00, 0x00, 0x00, 0x00, 0x00, 0x00, 0x00, 0x00, 0x00,
    0x00, 0x00, 0x00, 0x00, 0x00, 0x00, 0x00, 0x00, 0x00, 0x00, 0x00, 0x00,
    0x00, 0x00, 0x00, 0x00, 0x00, 0x00, 0x00, 0x00, 0x00, 0x00, 0x00, 0x00,
    0x00, 0x00, 0x00, 0x00, 0x00, 0x00, 0x00, 0x00, 0x00, 0x00, 0x00, 0x00,
    0x00, 0x00, 0x00, 0x00, 0x00, 0x00, 0x03, 0xC0, 0x00, 0x00, 0x00, 0x00,
    0x00, 0x00, 0x00, 0x03, 0x00, 0x00, 0x00, 0x00, 0x00, 0x00, 0x00, 0x00,
    0x03, 0xC0, 0x00, 0x00, 0x00, 0x00, 0x00, 0x00, 0x00, 0x03, 0x60, 0x00,
    0x00, 0x00, 0x00, 0x00, 0x00, 0x00, 0x00, 0x60, 0x00, 0x00, 0x00, 0x00,
    0x00, 0x00, 0x00, 0x03, 0x60, 0x00, 0x00, 0x00, 0x00, 0x00, 0x00, 0x00,
    0x03, 0xC0, 0x00, 0x00, 0x00, 0x00, 0x00, 0x00, 0x00, 0x00, 0x00, 0x00,
    0x00, 0x00, 0x00, 0x00, 0x00, 0x00, 0x00, 0x00, 0x00, 0x00, 0x00, 0x00
};
static const uint8_t happy_frame_6[] = {
    0x00, 0x00, 0x00, 0x00, 0x00, 0x00, 0x00, 0x00, 0x00, 0x00, 0x00, 0x00,
    0x00, 0x00, 0x00, 0x00, 0x00, 0x00, 0x00, 0x00, 0x00, 0x00, 0x00, 0x00,
    0x00, 0x00, 0x00, 0x00, 0x00, 0x00, 0x00, 0x00, 0x00, 0x00, 0x00, 0x00,
    0x00, 0x00, 0x00, 0x00, 0x7F, 0x80, 0x00, 0x00, 0x00, 0x00, 0x00, 0x00,
    0x07, 0xFF, 0xF8, 0x00, 0x00, 0x00, 0x00, 0x00, 0x00, 0x1F, 0xFF, 0xFE,
    0x00, 0x00, 0x00, 0x00, 0x00, 0x00, 0x7C, 0x00, 0xFF, 0x00, 0x00, 0x00,
    0x00, 0x00, 0x00, 0xF7, 0xE0, 0x3F, 0xC0, 0x00, 0x00, 0x00, 0x00, 0x03,
    0xFF, 0xFC, 0x0F, 0xE0, 0x00, 0x00, 0x00, 0x00, 0x07, 0xFF, 0xFF, 0x07,
    0xF0, 0x00, 0x00, 0x00, 0x00, 0x0F, 0xFF, 0xFF, 0x83, 0xF8, 0x00, 0x00,
    0x00, 0x00, 0x1F, 0xFF, 0xFF, 0xC1, 0xF8, 0x00, 0x00, 0x00, 0x00, 0x3F,
    0xFF, 0xFF, 0xE0, 0xFC, 0x00, 0x00, 0x00, 0x00, 0x3F, 0xFF, 0xFF, 0xF0,
    0x7E, 0x00, 0x00, 0x00, 0x00, 0x7F, 0xFF, 0xFF, 0xF8, 0x7E, 0x00, 0x00,
    0x00, 0x00, 0xFF, 0xFF, 0xFF, 0xFC, 0x3F, 0x00, 0x00, 0x00, 0x00, 0xFF,
    0xFF, 0xFF, 0xFC, 0x3F, 0x00, 0x00, 0x00, 0x01, 0xFF, 0xFF, 0xFF, 0xFE,
    0x3F, 0x00, 0x00, 0x00, 0x01, 0xFF, 0xFF, 0xFF, 0xFE, 0x1F, 0x80, 0x00,
    0x00, 0x01, 0xFF, 0xFF, 0xFF, 0xFE, 0x1F, 0x80, 0x00, 0x00, 0x03, 0xFF,
    0xFF, 0xFF, 0xFF, 0x7F, 0x80, 0x00, 0x00, 0x03, 0xFF, 0xFF, 0xFF, 0xFF,
    0xFF, 0xC0, 0x00, 0x00, 0x03, 0xFF, 0xFF, 0xFF, 0xFF, 0xFF, 0xC0, 0x00,
    0x00, 0x01, 0xFF, 0xFF, 0x7F, 0xFF, 0x87, 0xC0, 0x00, 0x00, 0x01, 0xFF,
    0xFF, 0xBF, 0xFF, 0x7F, 0xC0, 0x00, 0x00, 0x00, 0xFF, 0xBF, 0xDF, 0xFF,
    0xFF, 0xE0, 0x00, 0x00, 0x00, 0xFF, 0xDF, 0xE7, 0xFF, 0xFF, 0xE0, 0x00,
    0x00, 0x00, 0x7F, 0x87, 0x83, 0xFF, 0xFF, 0xE0, 0x00, 0x00, 0x00, 0x70,
    0x00, 0x00, 0x7F, 0xFF, 0xE0, 0x00, 0x00, 0x00, 0x70, 0x00, 0x00, 0x0F,
    0xFF, 0xE0, 0x00, 0x00, 0x00, 0x70, 0x00, 0x00, 0x03, 0xFF, 0xF0, 0x00,
    0x00, 0x00, 0x70, 0x00, 0x00, 0x03, 0xFF, 0xF0, 0x00, 0x00, 0x00, 0x30,
    0x00, 0x00, 0x03, 0xFF, 0xF0, 0x00, 0x00, 0x00, 0x30, 0x00, 0x00, 0x03,
    0xFF, 0xF0, 0x00, 0x00, 0x00, 0x3C, 0xC0, 0x84, 0x03, 0xFF, 0xF8, 0x00,
    0x00, 0x00, 0x3F, 0xC0, 0xFE, 0x03, 0xFF, 0xF8, 0x00, 0x00, 0x00, 0x7F,
    0x80, 0xFC, 0x03, 0xFF, 0xFC, 0x00, 0x00, 0x00, 0x73, 0x00, 0x38, 0x03,
    0xFF, 0xFC, 0x00, 0x00, 0x00, 0x70, 0x00, 0x00, 0x03, 0xFF, 0xFC, 0x00,
    0x00, 0x00, 0x78, 0x00, 0x00, 0x03, 0xFF, 0xFC, 0x00, 0x00, 0x00, 0x78,
    0x00, 0x00, 0x01, 0xFF, 0xFE, 0x00, 0x00, 0x00, 0x7C, 0x3F, 0x00, 0x03,
    0xFF, 0xFE, 0x00, 0x00, 0x00, 0x7C, 0x3F, 0x00, 0x0F, 0xFF, 0xCE, 0x00,
    0x00, 0x0C, 0x7E, 0x1F, 0x00, 0x1F, 0xFF, 0xCE, 0x01, 0x00, 0x0C, 0xFF,
    0x0C, 0x00, 0x3F, 0xFF, 0xDE, 0x01, 0x00, 0x0E, 0xFF, 0x80, 0x00, 0x3F,
    0xFF, 0xDE, 0x01, 0x00, 0x0F, 0xFF, 0xE0, 0x00, 0x3F, 0xFF, 0x9E, 0x01,
    0x00, 0x0F, 0xFF, 0xFF, 0x80, 0x3F, 0xFF, 0xBE, 0x01, 0x00, 0x0F, 0xFF,
    0xFF, 0xC0, 0x3F, 0xFF, 0xFE, 0x01, 0x00, 0x07, 0xFF, 0xFF, 0xC0, 0x1F,
    0xFF, 0xFC, 0x01, 0x00, 0x07, 0xFF, 0xFF, 0xC0, 0x7F, 0xFF, 0xF8, 0x00,
    0x00, 0x03, 0xFF, 0xFF, 0xC3, 0xFC, 0x3F, 0xF0, 0x00, 0x00, 0x00, 0xFF,
    0xFF, 0xFF, 0xF0, 0x1F, 0xE0, 0x00, 0x00, 0x00, 0x03, 0xF8, 0xFE, 0x60,
    0x0F, 0x00, 0x00, 0x00, 0x00, 0x07, 0xF0, 0xE0, 0xC0, 0x0F, 0x80, 0x00,
    0x00, 0x00, 0x0F, 0xE0, 0x00, 0xC0, 0x07, 0x80, 0x00, 0x00, 0x00, 0x00,
    0x00, 0x00, 0x00, 0x00, 0x00, 0x00, 0x00, 0x00, 0x00, 0x00, 0x00, 0x00,
    0x00, 0x00, 0x00, 0x00, 0x00, 0x00, 0x00, 0x00, 0x00, 0x00, 0x00, 0x00,
    0x00, 0x00, 0x00, 0x00, 0x00, 0x00, 0x00, 0x00, 0x00, 0x00, 0x00, 0x00,
    0x00, 0x00, 0x00, 0x00, 0x00, 0x00, 0x00, 0x00, 0x00, 0x00, 0x00, 0x00,
    0x00, 0x00, 0x00, 0x00, 0x00, 0x00, 0x00, 0x00, 0x00, 0x00, 0x00, 0x00,
    0x00, 0x00, 0x00, 0x00, 0x0C, 0x00, 0x00, 0x00, 0x00, 0x00, 0x00, 0x00,
    0x00, 0x1E, 0x00, 0x00, 0x00, 0x00, 0x00, 0x00, 0x00, 0x00, 0x30, 0x00,
    0x00, 0x00, 0x00, 0x00, 0x00, 0x00, 0x00, 0x3E, 0x00, 0x00, 0x00, 0x00,
    0x00, 0x00, 0x00, 0x00, 0x33, 0x00, 0x00, 0x00, 0x00, 0x00, 0x00, 0x00,
    0x00, 0x33, 0x00, 0x00, 0x00, 0x00, 0x00, 0x00, 0x00, 0x00, 0x1E, 0x00,
    0x00, 0x00, 0x00, 0x00, 0x00, 0x00, 0x00, 0x0C, 0x00, 0x00, 0x00, 0x00,
    0x00, 0x00, 0x00, 0x00, 0x00, 0x00, 0x00, 0x00, 0x00, 0x00, 0x00, 0x00,
    0x00, 0x00, 0x00, 0x00, 0x00, 0x00, 0x00, 0x00, 0x00, 0x00, 0x00, 0x00,
    0x00, 0x00, 0x00, 0x00, 0x00, 0x00, 0x00, 0x00, 0x00, 0x00, 0x00, 0x00
};
static const uint8_t happy_frame_7[] = {
    0x00, 0x00, 0x00, 0x00, 0x00, 0x00, 0x00, 0x00, 0x00, 0x00, 0x00, 0x00,
    0x00, 0x00, 0x00, 0x00, 0x00, 0x00, 0x00, 0x00, 0x00, 0x00, 0x00, 0x00,
    0x00, 0x00, 0x00, 0x00, 0x00, 0x00, 0x00, 0x00, 0x00, 0x00, 0x00, 0x00,
    0x00, 0x00, 0x00, 0x00, 0x03, 0xF8, 0x00, 0x00, 0x00, 0x00, 0x00, 0x00,
    0x00, 0x3F, 0xFF, 0x80, 0x00, 0x00, 0x00, 0x00, 0x00, 0x01, 0xFF, 0xFF,
    0xE0, 0x00, 0x00, 0x00, 0x00, 0x00, 0x07, 0xC0, 0x1F, 0xF0, 0x00, 0x00,
    0x00, 0x00, 0x00, 0x0F, 0x7E, 0x03, 0xFC, 0x00, 0x00, 0x00, 0x00, 0x00,
    0x1F, 0xFF, 0xC0, 0xFE, 0x00, 0x00, 0x00, 0x00, 0x00, 0x7F, 0xFF, 0xF0,
    0x7F, 0x00, 0x00, 0x00, 0x00, 0x00, 0xFF, 0xFF, 0xF8, 0x3F, 0x80, 0x00,
    0x00, 0x00, 0x01, 0xFF, 0xFF, 0xFC, 0x1F, 0x80, 0x00, 0x00, 0x00, 0x03,
    0xFF, 0xFF, 0xFE, 0x0F, 0xC0, 0x00, 0x00, 0x00, 0x03, 0xFF, 0xFF, 0xFF,
    0x07, 0xE0, 0x00, 0x80, 0x00, 0x07, 0xFF, 0xFF, 0xFF, 0x87, 0xE0, 0x00,
    0x80, 0x00, 0x0F, 0xFF, 0xFF, 0xFF, 0xC3, 0xF0, 0x00, 0xC0, 0x00, 0x0F,
    0xFF, 0xFF, 0xFF, 0xC3, 0xF0, 0x00, 0xC0, 0x00, 0x1F, 0xFF, 0xFF, 0xFF,
    0xE3, 0xF8, 0x00, 0xC0, 0x00, 0x1F, 0xFF, 0xFF, 0xFF, 0xE1, 0xF8, 0x00,
    0xE0, 0x00, 0x1F, 0xFF, 0xFF, 0xFF, 0xE1, 0xF8, 0x00, 0xE0, 0x00, 0x1F,
    0xFF, 0xFF, 0xFF, 0xF7, 0xF8, 0x00, 0xE0, 0x00, 0x1F, 0xFF, 0xFF, 0xFF,
    0xFF, 0xFC, 0x00, 0xE0, 0x00, 0x1F, 0xFF, 0xFF, 0xFF, 0xFF, 0xFC, 0x00,
    0xF0, 0x00, 0x1F, 0xFF, 0xFF, 0xFF, 0xF8, 0x7C, 0x00, 0xF0, 0x00, 0x1F,
    0xFF, 0xFB, 0xFF, 0xFF, 0xFC, 0x00, 0xF0, 0x00, 0x0F, 0xFF, 0xFD, 0xFF,
    0xFF, 0xFE, 0x00, 0xF0, 0x00, 0x0F, 0xFD, 0xFE, 0x7F, 0xFF, 0xFE, 0x00,
    0xF0, 0x00, 0x07, 0xF8, 0x78, 0x3F, 0xFF, 0xFE, 0x00, 0xF8, 0x00, 0x03,
    0x00, 0x00, 0x07, 0xFF, 0xFE, 0x00, 0xF8, 0x00, 0x07, 0x00, 0x00, 0x01,
    0xFF, 0xFE, 0x00, 0xF8, 0x00, 0x03, 0x00, 0x00, 0x00, 0x3F, 0xFF, 0x00,
    0xF8, 0x00, 0x03, 0x00, 0x00, 0x00, 0x3F, 0xFF, 0x00, 0xF8, 0x00, 0x03,
    0x00, 0x00, 0x00, 0x3F, 0xFF, 0x00, 0xFC, 0x00, 0x03, 0x00, 0x00, 0x00,
    0x3F, 0xFF, 0x80, 0xFC, 0x00, 0x03, 0xCC, 0x08, 0x40, 0x3F, 0xFF, 0x80,
    0xFE, 0x00, 0x03, 0xFC, 0x0F, 0xE0, 0x3F, 0xFF, 0x80, 0xFE, 0x00, 0x03,
    0x78, 0x0F, 0xC0, 0x3F, 0xFF, 0xC0, 0xFE, 0x00, 0x03, 0x30, 0x03, 0x80,
    0x3F, 0xFF, 0xC0, 0xFF, 0x00, 0x07, 0x00, 0x00, 0x00, 0x3F, 0xFF, 0xC0,
    0xFF, 0x00, 0x07, 0x80, 0x00, 0x00, 0x1F, 0xFF, 0xE0, 0xF7, 0x00, 0x07,
    0x80, 0x00, 0x00, 0x1F, 0xFF, 0xE0, 0xF7, 0x00, 0x07, 0xC3, 0xF0, 0x00,
    0x3F, 0xFE, 0xE0, 0xF7, 0x00, 0x07, 0xC3, 0xF0, 0x00, 0x7F, 0xFC, 0xE0,
    0xF7, 0x80, 0x47, 0xE1, 0xF0, 0x01, 0xFF, 0xFC, 0xE0, 0xE7, 0x80, 0xCF,
    0xF0, 0x40, 0x03, 0xFF, 0xFC, 0xE0, 0xE7, 0x00, 0xEF, 0xF8, 0x00, 0x03,
    0xFF, 0xFD, 0xE0, 0xEF, 0x00, 0xFF, 0xFE, 0x00, 0x03, 0xFF, 0xF9, 0xE0,
    0xDF, 0x00, 0xFF, 0xFF, 0xF0, 0x03, 0xFF, 0xFB, 0xE0, 0xFF, 0x00, 0xFF,
    0xFF, 0xFC, 0x03, 0xFF, 0xFF, 0xE0, 0xFE, 0x00, 0x7F, 0xFF, 0xFC, 0x01,
    0xFF, 0xFF, 0xC0, 0xFE, 0x00, 0x7F, 0xFF, 0xFC, 0x07, 0xFF, 0xFF, 0xC0,
    0xFC, 0x00, 0x3F, 0xFF, 0xFC, 0x3F, 0xC3, 0xFF, 0x80, 0xF0, 0x00, 0x0F,
    0xFF, 0xFF, 0xFF, 0x01, 0xFE, 0x00, 0xC0, 0x00, 0x00, 0x3F, 0x8F, 0xE6,
    0x00, 0xF0, 0x00, 0xC0, 0x00, 0x00, 0x7F, 0x0E, 0x0C, 0x00, 0xF8, 0x00,
    0xC0, 0x00, 0x00, 0x7E, 0x00, 0x0C, 0x00, 0x78, 0x00, 0x00, 0x00, 0x00,
    0x00, 0x00, 0x00, 0x00, 0x00, 0x00, 0x00, 0x00, 0x00, 0x00, 0x00, 0x00,
    0x00, 0x00, 0x00, 0x00, 0x00, 0x00, 0x00, 0x00, 0x00, 0x00, 0x00, 0x00,
    0x00, 0x00, 0x00, 0x00, 0x00, 0x00, 0x00, 0x00, 0x00, 0x00, 0x00, 0x00,
    0x00, 0x00, 0x00, 0x00, 0x00, 0x00, 0x00, 0x00, 0x00, 0x00, 0x00, 0x00,
    0x00, 0x00, 0x00, 0x00, 0x00, 0x00, 0x00, 0x00, 0x00, 0x00, 0x00, 0x00,
    0x00, 0x00, 0x00, 0x00, 0x01, 0xE0, 0x00, 0x00, 0x00, 0x00, 0x00, 0x00,
    0x00, 0x01, 0xE0, 0x00, 0x00, 0x00, 0x00, 0x00, 0x00, 0x00, 0x00, 0x60,
    0x00, 0x00, 0x00, 0x00, 0x00, 0x00, 0x00, 0x00, 0x40, 0x00, 0x00, 0x00,
    0x00, 0x00, 0x00, 0x00, 0x00, 0xC0, 0x00, 0x00, 0x00, 0x00, 0x00, 0x00,
    0x00, 0x00, 0x80, 0x00, 0x00, 0x00, 0x00, 0x00, 0x00, 0x00, 0x01, 0x80,
    0x00, 0x00, 0x00, 0x00, 0x00, 0x00, 0x00, 0x00, 0x80, 0x00, 0x00, 0x00,
    0x00, 0x00, 0x00, 0x00, 0x00, 0x00, 0x00, 0x00, 0x00, 0x00, 0x00, 0x00,
    0x00, 0x00, 0x00, 0x00, 0x00, 0x00, 0x00, 0x00, 0x00, 0x00, 0x00, 0x00,
    0x00, 0x00, 0x00, 0x00, 0x00, 0x00, 0x00, 0x00, 0x00, 0x00, 0x00, 0x00
};
static const uint8_t happy_frame_8[] = {
    0x00, 0x00, 0x00, 0x00, 0x00, 0x00, 0x00, 0x00, 0x00, 0x00, 0x00, 0x00,
    0x00, 0x00, 0x00, 0x00, 0x00, 0x00, 0x00, 0x00, 0x00, 0x00, 0x00, 0x00,
    0x00, 0x00, 0x00, 0x00, 0x00, 0x00, 0x00, 0x00, 0x00, 0x00, 0x00, 0x00,
    0x00, 0x00, 0x00, 0x00, 0xFE, 0x00, 0x00, 0x00, 0x00, 0x00, 0x00, 0x00,
    0x0F, 0xFF, 0xE0, 0x00, 0x00, 0x00, 0x00, 0x00, 0x00, 0x3F, 0xFF, 0xF8,
    0x00, 0x00, 0x00, 0x00, 0x00, 0x00, 0xF0, 0x03, 0xFE, 0x00, 0x00, 0x00,
    0x00, 0x00, 0x03, 0xCF, 0x80, 0xFF, 0x00, 0x00, 0x00, 0x00, 0x00, 0x07,
    0xFF, 0xF0, 0x3F, 0x80, 0x00, 0x00, 0x00, 0x00, 0x0F, 0xFF, 0xFC, 0x1F,
    0xC0, 0x00, 0x00, 0x00, 0x00, 0x1F, 0xFF, 0xFF, 0x07, 0xE0, 0x00, 0x00,
    0x00, 0x00, 0x3F, 0xFF, 0xFF, 0x83, 0xF0, 0x00, 0x00, 0x00, 0x00, 0x7F,
    0xFF, 0xFF, 0xC3, 0xF8, 0x00, 0x00, 0x00, 0x00, 0xFF, 0xFF, 0xFF, 0xE1,
    0xF8, 0x00, 0x00, 0x00, 0x01, 0xFF, 0xFF, 0xFF, 0xE0, 0xFC, 0x00, 0x00,
    0x00, 0x01, 0xFF, 0xFF, 0xFF, 0xF0, 0xFC, 0x00, 0x00, 0x00, 0x03, 0xFF,
    0xFF, 0xFF, 0xF8, 0xFC, 0x00, 0x00, 0x00, 0x03, 0xFF, 0xFF, 0xFF, 0xF8,
    0x7E, 0x00, 0x00, 0x00, 0x07, 0xFF, 0xFF, 0xFF, 0xF8, 0x7E, 0x00, 0x00,
    0x00, 0x07, 0xFF, 0xFF, 0xFF, 0xFC, 0x7F, 0x00, 0x01, 0x00, 0x07, 0xFF,
    0xFF, 0xFF, 0xFD, 0xFF, 0x00, 0x01, 0x00, 0x07, 0xFF, 0xFF, 0xFF, 0xFF,
    0xFF, 0x00, 0x01, 0x00, 0x07, 0xFF, 0xFF, 0xFF, 0xFF, 0xFF, 0x00, 0x01,
    0x00, 0x07, 0xFF, 0xFF, 0xFF, 0xFF, 0x1F, 0x80, 0x01, 0x00, 0x03, 0xFF,
    0xFF, 0xFF, 0xFE, 0xFF, 0x80, 0x00, 0x00, 0x03, 0xFF, 0x7F, 0xBF, 0xFF,
    0xFF, 0x80, 0x00, 0x00, 0x01, 0xFF, 0x7F, 0x9F, 0xFF, 0xFF, 0x80, 0x00,
    0x00, 0x01, 0xFF, 0x1E, 0x07, 0xFF, 0xFF, 0x80, 0x00, 0x00, 0x00, 0xE0,
    0x00, 0x01, 0xFF, 0xFF, 0xC0, 0x00, 0x00, 0x00, 0xE0, 0x00, 0x00, 0x3F,
    0xFF, 0xC0, 0x00, 0x00, 0x00, 0xE0, 0x00, 0x00, 0x0F, 0xFF, 0xC0, 0x00,
    0x00, 0x00, 0xC0, 0x00, 0x00, 0x0F, 0xFF, 0xC0, 0x00, 0x00, 0x00, 0xC0,
    0x00, 0x00, 0x0F, 0xFF, 0xC0, 0x00, 0x80, 0x00, 0xC0, 0x00, 0x00, 0x0F,
    0xFF, 0xE0, 0x00, 0x80, 0x00, 0xF1, 0x01, 0x18, 0x0F, 0xFF, 0xE0, 0x00,
    0xC0, 0x00, 0xFF, 0x03, 0xF8, 0x0F, 0xFF, 0xF0, 0x00, 0xC0, 0x00, 0xDF,
    0x01, 0xF8, 0x0F, 0xFF, 0xF0, 0x00, 0xC0, 0x00, 0xEC, 0x00, 0xE0, 0x0F,
    0xFF, 0xF0, 0x00, 0xE0, 0x00, 0xE0, 0x00, 0x00, 0x0F, 0xFF, 0xF8, 0x00,
    0xE0, 0x00, 0xE0, 0x00, 0x00, 0x07, 0xFF, 0xF8, 0x00, 0xE0, 0x00, 0xE0,
    0x00, 0x00, 0x07, 0xFF, 0xF8, 0x00, 0xE0, 0x00, 0xF0, 0x7E, 0x00, 0x0F,
    0xFF, 0xB8, 0x00, 0xE0, 0x01, 0xF8, 0x7E, 0x00, 0x1F, 0xFF, 0xB8, 0x00,
    0xF0, 0x11, 0xF8, 0x7C, 0x00, 0x7F, 0xFF, 0xB8, 0x04, 0xF0, 0x11, 0xFC,
    0x18, 0x00, 0x7F, 0xFF, 0x38, 0x04, 0xF0, 0x3B, 0xFF, 0x00, 0x00, 0xFF,
    0xFF, 0x38, 0x06, 0xE0, 0x3F, 0xFF, 0xC0, 0x00, 0xFF, 0xFF, 0x78, 0x0F,
    0xE0, 0x3F, 0xFF, 0xF8, 0x00, 0xFF, 0xFE, 0xF8, 0x07, 0xE0, 0x1F, 0xFF,
    0xFF, 0x00, 0xFF, 0xFF, 0xF8, 0x07, 0xC0, 0x1F, 0xFF, 0xFF, 0x00, 0x7F,
    0xFF, 0xF0, 0x07, 0xC0, 0x0F, 0xFF, 0xFF, 0x00, 0xFF, 0xFF, 0xF0, 0x03,
    0x80, 0x07, 0xFF, 0xFF, 0x07, 0xF0, 0xFF, 0xE0, 0x01, 0x00, 0x03, 0xFF,
    0xFF, 0x7F, 0xE0, 0x3F, 0x80, 0x00, 0x00, 0x00, 0x0F, 0xF3, 0xFD, 0xC0,
    0x3E, 0x00, 0x00, 0x00, 0x00, 0x0F, 0xE3, 0xC1, 0x80, 0x1E, 0x00, 0x00,
    0x00, 0x00, 0x1F, 0xC0, 0x01, 0x00, 0x1E, 0x00, 0x00, 0x00, 0x00, 0x00,
    0x00, 0x00, 0x00, 0x00, 0x00, 0x00, 0x00, 0x00, 0x00, 0x00, 0x00, 0x00,
    0x00, 0x00, 0x00, 0x00, 0x00, 0x00, 0x00, 0x00, 0x00, 0x00, 0x00, 0x00,
    0x00, 0x00, 0x00, 0x00, 0x00, 0x00, 0x00, 0x00, 0x00, 0x00, 0x00, 0x00,
    0x00, 0x00, 0x00, 0x00, 0x00, 0x00, 0x00, 0x00, 0x00, 0x00, 0x00, 0x00,
    0x00, 0x00, 0x00, 0x00, 0x00, 0x00, 0x00, 0x00, 0x00, 0x00, 0x00, 0x00,
    0x00, 0x00, 0x00, 0x00, 0x38, 0x00, 0x00, 0x00, 0x00, 0x00, 0x00, 0x00,
    0x00, 0x7C, 0x00, 0x00, 0x00, 0x00, 0x00, 0x00, 0x00, 0x00, 0x4C, 0x00,
    0x00, 0x00, 0x00, 0x00, 0x00, 0x00, 0x00, 0x78, 0x00, 0x00, 0x00, 0x00,
    0x00, 0x00, 0x00, 0x00, 0x7C, 0x00, 0x00, 0x00, 0x00, 0x00, 0x00, 0x00,
    0x00, 0xCC, 0x00, 0x00, 0x00, 0x00, 0x00, 0x00, 0x00, 0x00, 0x6C, 0x00,
    0x00, 0x00, 0x00, 0x00, 0x00, 0x00, 0x00, 0x78, 0x00, 0x00, 0x00, 0x00,
    0x00, 0x00, 0x00, 0x00, 0x00, 0x00, 0x00, 0x00, 0x00, 0x00, 0x00, 0x00,
    0x00, 0x00, 0x00, 0x00, 0x00, 0x00, 0x00, 0x00, 0x00, 0x00, 0x00, 0x00,
    0x00, 0x00, 0x00, 0x00, 0x00, 0x00, 0x00, 0x00, 0x00, 0x00, 0x00, 0x00
};
static const uint8_t happy_frame_9[] = {
    0x00, 0x00, 0x00, 0x00, 0x00, 0x00, 0x00, 0x00, 0x00, 0x00, 0x00, 0x00,
    0x00, 0x00, 0x00, 0x00, 0x00, 0x00, 0x00, 0x00, 0x00, 0x00, 0x00, 0x00,
    0x00, 0x00, 0x00, 0x00, 0x00, 0x00, 0x00, 0x00, 0x00, 0x00, 0x00, 0x00,
    0x00, 0x00, 0x00, 0x7F, 0x80, 0x00, 0x00, 0x00, 0x00, 0x00, 0x00, 0x03,
    0xFF, 0xF8, 0x00, 0x00, 0x00, 0x00, 0x00, 0x00, 0x1F, 0xFF, 0xFE, 0x00,
    0x00, 0x00, 0x00, 0x00, 0x00, 0x7C, 0x01, 0xFF, 0x00, 0x00, 0x00, 0x00,
    0x00, 0x00, 0xF7, 0xE0, 0x3F, 0xC0, 0x00, 0x00, 0x00, 0x00, 0x01, 0xFF,
    0xFC, 0x0F, 0xE0, 0x00, 0x00, 0x00, 0x00, 0x07, 0xFF, 0xFF, 0x07, 0xF0,
    0x00, 0x00, 0x00, 0x00, 0x0F, 0xFF, 0xFF, 0x83, 0xF8, 0x00, 0x00, 0x03,
    0x00, 0x1F, 0xFF, 0xFF, 0xC1, 0xF8, 0x00, 0x00, 0x03, 0x00, 0x3F, 0xFF,
    0xFF, 0xE0, 0xFC, 0x00, 0x00, 0x07, 0x00, 0x3F, 0xFF, 0xFF, 0xF0, 0x7E,
    0x00, 0x00, 0x0F, 0x00, 0x7F, 0xFF, 0xFF, 0xF8, 0x7E, 0x00, 0x00, 0x1F,
    0x00, 0xFF, 0xFF, 0xFF, 0xFC, 0x3F, 0x00, 0x00, 0x3F, 0x00, 0xFF, 0xFF,
    0xFF, 0xFC, 0x3F, 0x00, 0x00, 0x3F, 0x01, 0xFF, 0xFF, 0xFF, 0xFE, 0x3F,
    0x80, 0x00, 0x7F, 0x01, 0xFF, 0xFF, 0xFF, 0xFE, 0x1F, 0x80, 0x00, 0x7F,
    0x01, 0xFF, 0xFF, 0xFF, 0xFE, 0x1F, 0x80, 0x00, 0x7F, 0x01, 0xFF, 0xFF,
    0xFF, 0xFF, 0x7F, 0x80, 0x00, 0x7F, 0x01, 0xFF, 0xFF, 0xFF, 0xFF, 0xFF,
    0xC0, 0x00, 0x7F, 0x01, 0xFF, 0xFF, 0xFF, 0xFF, 0xFF, 0xC0, 0x00, 0x7F,
    0x01, 0xFF, 0xFF, 0xFF, 0xFF, 0x87, 0xC0, 0x00, 0x7F, 0x01, 0xFF, 0xFF,
    0xBF, 0xFF, 0x7F, 0xC0, 0x00, 0x7F, 0x00, 0xFF, 0xFF, 0xDF, 0xFF, 0xFF,
    0xE0, 0x00, 0x3F, 0x00, 0xFF, 0xDF, 0xE7, 0xFF, 0xFF, 0xE0, 0x00, 0x3F,
    0x00, 0x7F, 0xC7, 0x83, 0xFF, 0xFF, 0xE0, 0x00, 0x1F, 0x00, 0x70, 0x00,
    0x00, 0x7F, 0xFF, 0xE0, 0x00, 0x0E, 0x00, 0x70, 0x00, 0x00, 0x0F, 0xFF,
    0xE0, 0x00, 0x0E, 0x00, 0x30, 0x00, 0x00, 0x03, 0xFF, 0xE0, 0x00, 0x0C,
    0x00, 0x30, 0x00, 0x00, 0x03, 0xFF, 0xF0, 0x00, 0x0C, 0x00, 0x30, 0x00,
    0x00, 0x03, 0xFF, 0xF0, 0x00, 0x0C, 0x00, 0x30, 0x00, 0x00, 0x03, 0xFF,
    0xF0, 0x00, 0x0C, 0x00, 0x38, 0xC0, 0x84, 0x03, 0xFF, 0xF8, 0x00, 0x0D,
    0x00, 0x3F, 0xC0, 0xFE, 0x03, 0xFF, 0xF8, 0x00, 0x0F, 0x00, 0x3F, 0x80,
    0xFC, 0x03, 0xFF, 0xF8, 0x00, 0x0F, 0x00, 0x33, 0x00, 0x78, 0x03, 0xFF,
    0xFC, 0x00, 0x0C, 0x00, 0x70, 0x00, 0x00, 0x03, 0xFF, 0xFC, 0x00, 0x0E,
    0x00, 0x78, 0x00, 0x00, 0x03, 0xFF, 0xFC, 0x00, 0x0E, 0x00, 0x78, 0x00,
    0x00, 0x01, 0xFF, 0xFE, 0x00, 0x0E, 0x00, 0x7C, 0x3F, 0x00, 0x03, 0xFF,
    0xDE, 0x00, 0x1F, 0x00, 0x7C, 0x3B, 0x00, 0x0F, 0xFF, 0xDE, 0x00, 0x1F,
    0x0C, 0x7E, 0x1F, 0x00, 0x1F, 0xFF, 0xDE, 0x01, 0x1F, 0x0C, 0xFF, 0x0E,
    0x00, 0x3F, 0xFF, 0xDE, 0x03, 0x1F, 0x0E, 0xFF, 0x80, 0x00, 0x3F, 0xFF,
    0xDE, 0x03, 0xBF, 0x0F, 0xFF, 0xE0, 0x00, 0x3F, 0xFF, 0x9E, 0x03, 0xFF,
    0x0F, 0xFF, 0xFF, 0x00, 0x3F, 0xFF, 0xBE, 0x03, 0xFF, 0x0F, 0xFF, 0xFF,
    0xC0, 0x3F, 0xFF, 0xFC, 0x01, 0xFF, 0x07, 0xFF, 0xFF, 0xC0, 0x3F, 0xFF,
    0xFC, 0x01, 0xFF, 0x07, 0xFF, 0xFF, 0xC0, 0x7F, 0xFF, 0xF8, 0x00, 0xFF,
    0x03, 0xFF, 0xFF, 0xC3, 0xFC, 0x3F, 0xF0, 0x00, 0x7F, 0x00, 0xFF, 0xFF,
    0xFF, 0xF0, 0x1F, 0xC0, 0x00, 0x3F, 0x00, 0x03, 0xF8, 0xFE, 0x60, 0x0F,
    0x00, 0x00, 0x04, 0x00, 0x07, 0xF1, 0xE0, 0xC0, 0x0F, 0x80, 0x00, 0x00,
    0x00, 0x0F, 0xE0, 0x00, 0xC0, 0x07, 0x80, 0x00, 0x01, 0x00, 0x00, 0x00,
    0x00, 0x00, 0x00, 0x00, 0x00, 0x00, 0x00, 0x00, 0x00, 0x00, 0x00, 0x00,
    0x00, 0x00, 0x00, 0x00, 0x00, 0x00, 0x00, 0x00, 0x00, 0x00, 0x00, 0x00,
    0x00, 0x00, 0x00, 0x00, 0x00, 0x00, 0x00, 0x00, 0x00, 0x00, 0x00, 0x00,
    0x00, 0x00, 0x00, 0x00, 0x00, 0x00, 0x00, 0x00, 0x00, 0x00, 0x00, 0x00,
    0x00, 0x00, 0x00, 0x00, 0x00, 0x00, 0x00, 0x00, 0x00, 0x00, 0x00, 0x00,
    0x00, 0x00, 0x00, 0x0C, 0x00, 0x00, 0x00, 0x00, 0x00, 0x00, 0x00, 0x00,
    0x3E, 0x00, 0x00, 0x00, 0x00, 0x00, 0x00, 0x00, 0x00, 0x32, 0x00, 0x00,
    0x00, 0x00, 0x00, 0x00, 0x00, 0x00, 0x36, 0x00, 0x00, 0x00, 0x00, 0x00,
    0x00, 0x00, 0x00, 0x1E, 0x00, 0x00, 0x00, 0x00, 0x00, 0x00, 0x00, 0x00,
    0x02, 0x00, 0x00, 0x00, 0x00, 0x00, 0x00, 0x00, 0x00, 0x36, 0x00, 0x00,
    0x00, 0x00, 0x00, 0x00, 0x00, 0x00, 0x1C, 0x00, 0x00, 0x00, 0x00, 0x00,
    0x00, 0x00, 0x00, 0x00, 0x00, 0x00, 0x00, 0x00, 0x00, 0x00, 0x00, 0x00,
    0x00, 0x00, 0x00, 0x00, 0x00, 0x00, 0x00, 0x00, 0x00, 0x00, 0x00, 0x00,
    0x00, 0x00, 0x00, 0x00, 0x00, 0x00, 0x00, 0x00, 0x00, 0x00, 0x00, 0x00
};
static const uint8_t happy_frame_10[] = {
    0x00, 0x00, 0x00, 0x00, 0x00, 0x00, 0x00, 0x00, 0x00, 0x00, 0x00, 0x00,
    0x00, 0x00, 0x00, 0x00, 0x00, 0x00, 0x00, 0x00, 0x00, 0x00, 0x00, 0x00,
    0x00, 0x00, 0x00, 0x00, 0x00, 0x00, 0x00, 0x00, 0x00, 0x00, 0x00, 0x00,
    0x00, 0x00, 0x00, 0x07, 0xF8, 0x00, 0x00, 0x00, 0x00, 0x00, 0x00, 0x00,
    0x7F, 0xFF, 0x00, 0x00, 0x00, 0x00, 0x00, 0x00, 0x01, 0xFF, 0xFF, 0xC0,
    0x00, 0x00, 0x00, 0x00, 0x00, 0x07, 0x80, 0x1F, 0xF0, 0x00, 0x00, 0x00,
    0x00, 0x00, 0x0E, 0x7C, 0x03, 0xF8, 0x00, 0x00, 0x00, 0x00, 0x00, 0x3F,
    0xFF, 0xC1, 0xFE, 0x00, 0x00, 0x00, 0x00, 0x00, 0x7F, 0xFF, 0xF0, 0x7E,
    0x00, 0x00, 0x00, 0x00, 0x00, 0xFF, 0xFF, 0xF8, 0x3F, 0x00, 0x00, 0x00,
    0x00, 0x01, 0xFF, 0xFF, 0xFC, 0x1F, 0x80, 0x00, 0x00, 0x00, 0x03, 0xFF,
    0xFF, 0xFE, 0x0F, 0xC0, 0x00, 0x00, 0x00, 0x07, 0xFF, 0xFF, 0xFF, 0x0F,
    0xC0, 0x00, 0x00, 0x00, 0x07, 0xFF, 0xFF, 0xFF, 0x87, 0xE0, 0x00, 0x00,
    0x00, 0x0F, 0xFF, 0xFF, 0xFF, 0x87, 0xE0, 0x00, 0x00, 0x00, 0x1F, 0xFF,
    0xFF, 0xFF, 0xC3, 0xF0, 0x00, 0x00, 0x00, 0x1F, 0xFF, 0xFF, 0xFF, 0xC3,
    0xF0, 0x00, 0x00, 0x00, 0x3F, 0xFF, 0xFF, 0xFF, 0xE3, 0xF8, 0x00, 0x00,
    0x00, 0x3F, 0xFF, 0xFF, 0xFF, 0xE3, 0xF8, 0x00, 0x00, 0x00, 0x3F, 0xFF,
    0xFF, 0xFF, 0xE7, 0xF8, 0x00, 0x00, 0x00, 0x3F, 0xFF, 0xFF, 0xFF, 0xFF,
    0xF8, 0x00, 0x00, 0x00, 0x3F, 0xFF, 0xFF, 0xFF, 0xFF, 0xFC, 0x00, 0x00,
    0x00, 0x3F, 0xFF, 0xF7, 0xFF, 0xF8, 0xFC, 0x00, 0x00, 0x00, 0x1F, 0xFF,
    0xFB, 0xFF, 0xF7, 0xFC, 0x00, 0x00, 0x00, 0x1F, 0xFB, 0xFD, 0xFF, 0xFF,
    0xFC, 0x00, 0x00, 0x00, 0x0F, 0xF9, 0xFE, 0xFF, 0xFF, 0xFE, 0x00, 0x00,
    0x00, 0x07, 0xF8, 0x78, 0x3F, 0xFF, 0xFE, 0x00, 0x00, 0x00, 0x07, 0x00,
    0x00, 0x0F, 0xFF, 0xFE, 0x00, 0x00, 0x00, 0x07, 0x00, 0x00, 0x01, 0xFF,
    0xFE, 0x00, 0x00, 0x00, 0x07, 0x00, 0x00, 0x00, 0x7F, 0xFE, 0x00, 0x00,
    0x00, 0x07, 0x00, 0x00, 0x00, 0x7F, 0xFE, 0x00, 0x00, 0x00, 0x07, 0x00,
    0x00, 0x00, 0x7F, 0xFF, 0x00, 0x00, 0x00, 0x07, 0x00, 0x00, 0x00, 0x7F,
    0xFF, 0x00, 0x00, 0x00, 0x07, 0x88, 0x08, 0xC0, 0x7F, 0xFF, 0x80, 0x00,
    0x00, 0x07, 0xFC, 0x1F, 0xC0, 0x7F, 0xFF, 0x80, 0x00, 0x00, 0x07, 0xF8,
    0x0F, 0xC0, 0x7F, 0xFF, 0x80, 0x00, 0x00, 0x07, 0x60, 0x07, 0x80, 0x7F,
    0xFF, 0xC0, 0x00, 0x00, 0x07, 0x00, 0x00, 0x00, 0x3F, 0xFF, 0xC0, 0x00,
    0x00, 0x07, 0x00, 0x00, 0x00, 0x3F, 0xFF, 0xC0, 0x00, 0x00, 0x07, 0x80,
    0x00, 0x00, 0x3F, 0xFD, 0xC0, 0x00, 0x00, 0x07, 0x83, 0xF0, 0x00, 0x7F,
    0xFD, 0xE0, 0x00, 0x00, 0x07, 0xC3, 0xF0, 0x00, 0xFF, 0xFD, 0xE0, 0x00,
    0x00, 0x8F, 0xE1, 0xE0, 0x01, 0xFF, 0xFD, 0xE0, 0x00, 0x00, 0xCF, 0xF0,
    0xC0, 0x03, 0xFF, 0xFD, 0xE0, 0x00, 0x00, 0xDF, 0xF8, 0x00, 0x07, 0xFF,
    0xF9, 0xE0, 0x00, 0x00, 0xFF, 0xFE, 0x00, 0x07, 0xFF, 0xFB, 0xE0, 0x00,
    0x00, 0xFF, 0xFF, 0xE0, 0x07, 0xFF, 0xF7, 0xE0, 0x00, 0x00, 0xFF, 0xFF,
    0xFC, 0x03, 0xFF, 0xFF, 0xC0, 0x00, 0x00, 0xFF, 0xFF, 0xFC, 0x03, 0xFF,
    0xFF, 0xC0, 0x00, 0x00, 0x7F, 0xFF, 0xFC, 0x07, 0xFF, 0xFF, 0x80, 0x00,
    0x00, 0x3F, 0xFF, 0xFC, 0x3F, 0xC7, 0xFF, 0x00, 0x00, 0x00, 0x1F, 0xFF,
    0xFF, 0xFF, 0x01, 0xFC, 0x00, 0x00, 0x00, 0x02, 0x3F, 0x9F, 0xEE, 0x00,
    0xF0, 0x00, 0x00, 0x00, 0x00, 0x7F, 0x1E, 0x0C, 0x00, 0xF8, 0x00, 0x00,
    0x00, 0x00, 0xFE, 0x00, 0x08, 0x00, 0x78, 0x00, 0x00, 0x00, 0x00, 0x00,
    0x00, 0x00, 0x00, 0x00, 0x00, 0x00, 0x00, 0x00, 0x00, 0x00, 0x00, 0x00,
    0x00, 0x00, 0x00, 0x00, 0x00, 0x00, 0x00, 0x00, 0x00, 0x00, 0x00, 0x00,
    0x00, 0x00, 0x00, 0x00, 0x00, 0x00, 0x00, 0x00, 0x00, 0x00, 0x00, 0x00,
    0x00, 0x00, 0x00, 0x00, 0x00, 0x00, 0x00, 0x00, 0x00, 0x00, 0x00, 0x00,
    0x00, 0x00, 0x00, 0x00, 0x00, 0x00, 0x00, 0x00, 0x00, 0x00, 0x00, 0x00,
    0x00, 0x00, 0x00, 0x06, 0x18, 0x00, 0x00, 0x00, 0x00, 0x00, 0x00, 0x00,
    0x0E, 0x7C, 0x00, 0x00, 0x00, 0x00, 0x00, 0x00, 0x00, 0x06, 0x64, 0x00,
    0x00, 0x00, 0x00, 0x00, 0x00, 0x00, 0x06, 0x66, 0x00, 0x00, 0x00, 0x00,
    0x00, 0x00, 0x00, 0x06, 0x66, 0x00, 0x00, 0x00, 0x00, 0x00, 0x00, 0x00,
    0x06, 0x64, 0x00, 0x00, 0x00, 0x00, 0x00, 0x00, 0x00, 0x06, 0x7C, 0x00,
    0x00, 0x00, 0x00, 0x00, 0x00, 0x00, 0x02, 0x38, 0x00, 0x00, 0x00, 0x00,
    0x00, 0x00, 0x00, 0x00, 0x00, 0x00, 0x00, 0x00, 0x00, 0x00, 0x00, 0x00,
    0x00, 0x00, 0x00, 0x00, 0x00, 0x00, 0x00, 0x00, 0x00, 0x00, 0x00, 0x00,
    0x00, 0x00, 0x00, 0x00, 0x00, 0x00, 0x00, 0x00, 0x00, 0x00, 0x00, 0x00
};
static const Frame happy_frames[] = {
    Frame{72, 76, happy_frame_1},
    Frame{72, 76, happy_frame_2},
    Frame{72, 76, happy_frame_3},
    Frame{72, 76, happy_frame_4},
    Frame{72, 76, happy_frame_5},
    Frame{72, 76, happy_frame_6},
    Frame{72, 76, happy_frame_7},
    Frame{72, 76, happy_frame_8},
    Frame{72, 76, happy_frame_9},
    Frame{72, 76, happy_frame_10},
};

static const uint8_t crying_frame_1[] = {
    0x00, 0x00, 0x00, 0x00, 0x00, 0x00, 0x00, 0x00, 0x00, 0x00, 0x00, 0x00,
    0x00, 0x00, 0x00, 0x00, 0x00, 0x00, 0x00, 0x00, 0x00, 0x00, 0x00, 0x00,
    0x00, 0x00, 0x00, 0x00, 0x00, 0x00, 0x00, 0x00, 0x00, 0x00, 0x00, 0x00,
    0x00, 0x00, 0x00, 0x00, 0x00, 0x00, 0x00, 0x00, 0x00, 0x00, 0x00, 0x00,
    0x00, 0x00, 0x00, 0x00, 0x00, 0x00, 0x00, 0x00, 0x00, 0x00, 0x00, 0x00,
    0x00, 0x00, 0x00, 0x00, 0x7F, 0x00, 0x00, 0x00, 0x00, 0x00, 0x00, 0x00,
    0x00, 0x07, 0xFF, 0xF0, 0x00, 0x00, 0x00, 0x00, 0x00, 0x00, 0x00, 0x1F,
    0xFF, 0xFC, 0x00, 0x00, 0x00, 0x00, 0x00, 0x00, 0x00, 0x7C, 0x01, 0xFF,
    0x00, 0x00, 0x00, 0x00, 0x00, 0x00, 0x00, 0xF3, 0xC0, 0x7F, 0x80, 0x00,
    0x00, 0x00, 0x00, 0x00, 0x01, 0xFF, 0xF8, 0x1F, 0xC0, 0x00, 0x00, 0x00,
    0x00, 0x00, 0x07, 0xFF, 0xFE, 0x07, 0xE0, 0x00, 0x00, 0x00, 0x00, 0x00,
    0x0F, 0xFF, 0xFF, 0x83, 0xF0, 0x00, 0x00, 0x00, 0x00, 0x00, 0x1F, 0xFF,
    0xFF, 0xC1, 0xF8, 0x00, 0x00, 0x00, 0x00, 0x00, 0x3F, 0xFF, 0xFF, 0xE0,
    0xFC, 0x00, 0x00, 0x00, 0x00, 0x00, 0x7F, 0xFF, 0xFF, 0xF0, 0xFC, 0x00,
    0x00, 0x00, 0x00, 0x00, 0x7F, 0xFF, 0xFF, 0xF0, 0x7E, 0x00, 0x00, 0x00,
    0x00, 0x00, 0xFF, 0xFF, 0xFF, 0xF8, 0x7E, 0x00, 0x00, 0x00, 0x00, 0x01,
    0xFF, 0xFF, 0xFF, 0xFC, 0x3F, 0x00, 0x00, 0x00, 0x00, 0x01, 0xFF, 0xFF,
    0xFF, 0xFC, 0x3F, 0x00, 0x00, 0x00, 0x00, 0x01, 0xFF, 0xFF, 0xFF, 0xFE,
    0x3F, 0x00, 0x00, 0x00, 0x00, 0x03, 0xFF, 0xFF, 0xFF, 0xFE, 0x3F, 0x80,
    0x00, 0x00, 0x00, 0x03, 0xFF, 0xFF, 0xFF, 0xFE, 0x3F, 0x80, 0x00, 0x00,
    0x00, 0x03, 0xFF, 0xFF, 0xFF, 0xFF, 0xFF, 0x80, 0x00, 0x00, 0x00, 0x03,
    0xFF, 0xFF, 0xFF, 0xFF, 0xFF, 0x80, 0x00, 0x00, 0x00, 0x03, 0xFF, 0xFF,
    0xFF, 0xFF, 0x8F, 0xC0, 0x00, 0x00, 0x00, 0x01, 0xFF, 0xFF, 0xFF, 0xFF,
    0x7F, 0xC0, 0x00, 0x00, 0x00, 0x01, 0xFF, 0xBF, 0xDF, 0xFF, 0xFF, 0xC0,
    0x00, 0x00, 0x00, 0x00, 0xFF, 0x9F, 0xEF, 0xFF, 0xFF, 0xC0, 0x00, 0x00,
    0x00, 0x00, 0x7F, 0x8F, 0xC3, 0xFF, 0xFF, 0xE0, 0x00, 0x00, 0x00, 0x00,
    0x70, 0x00, 0x01, 0xFF, 0xFF, 0xE0, 0x00, 0x00, 0x00, 0x00, 0x72, 0x01,
    0x80, 0x3F, 0xFF, 0xE0, 0x00, 0x00, 0x00, 0x00, 0x76, 0x01, 0xC0, 0x07,
    0xFF, 0xE0, 0x00, 0x00, 0x00, 0x00, 0x7F, 0x01, 0xF0, 0x07, 0xFF, 0xE0,
    0x00, 0x00, 0x00, 0x00, 0x7B, 0x01, 0x3C, 0x07, 0xFF, 0xF0, 0x00, 0x00,
    0x00, 0x00, 0x7B, 0x83, 0x38, 0x07, 0xFF, 0xF0, 0x00, 0x00, 0x00, 0x00,
    0x7F, 0x83, 0xF8, 0x07, 0xFF, 0xF0, 0x00, 0x00, 0x00, 0x00, 0x7F, 0x83,
    0xF8, 0x0F, 0xFF, 0xF8, 0x00, 0x00, 0x00, 0x00, 0x7F, 0x81, 0xF8, 0x0F,
    0xFF, 0xF8, 0x00, 0x00, 0x00, 0x00, 0x7F, 0x01, 0xFC, 0x0F, 0xFF, 0xF8,
    0x00, 0x00, 0x00, 0x00, 0x76, 0x00, 0xFE, 0x0F, 0xFF, 0xFC, 0x00, 0x00,
    0x00, 0x00, 0x72, 0x00, 0x72, 0x1F, 0xFF, 0xFC, 0x00, 0x00, 0x00, 0x00,
    0x7E, 0x00, 0x76, 0x1F, 0xFF, 0xFC, 0x00, 0x00, 0x00, 0x00, 0x7E, 0x00,
    0x3C, 0x1D, 0xFF, 0xDC, 0x00, 0x00, 0x00, 0x00, 0x7E, 0x3C, 0x3C, 0x1F,
    0xFF, 0xDE, 0x00, 0x00, 0x00, 0x00, 0x7E, 0x7E, 0x3C, 0x1F, 0xFF, 0xDE,
    0x00, 0x00, 0x00, 0x00, 0x7E, 0x62, 0x34, 0x1F, 0xFF, 0xDE, 0x00, 0x00,
    0x00, 0x0C, 0xFE, 0x00, 0x3C, 0x3F, 0xFF, 0xDE, 0x01, 0x80, 0x00, 0x0C,
    0xFF, 0x80, 0x3C, 0x3F, 0xFF, 0xDE, 0x01, 0x80, 0x00, 0x0F, 0xFF, 0xC0,
    0x3C, 0x7F, 0xFF, 0x9E, 0x01, 0x80, 0x00, 0x0F, 0xFF, 0xFC, 0x3C, 0x7F,
    0xFF, 0xBE, 0x01, 0x80, 0x00, 0x0F, 0xFF, 0xFF, 0xC0, 0x3F, 0xFF, 0xFC,
    0x01, 0x80, 0x00, 0x0F, 0xFF, 0xFF, 0xC0, 0x3F, 0xFF, 0xFC, 0x00, 0x80,
    0x00, 0x07, 0xFF, 0xFF, 0xC0, 0x1F, 0xFF, 0xF8, 0x00, 0x80, 0x00, 0x03,
    0xFF, 0xFF, 0xC0, 0xFF, 0xFF, 0xF0, 0x00, 0x00, 0x00, 0x01, 0xFF, 0xFF,
    0xC7, 0xF8, 0x1F, 0xE0, 0x00, 0x00, 0x00, 0x00, 0x7F, 0xFD, 0xFF, 0xE0,
    0x0F, 0x00, 0x00, 0x00, 0x00, 0x00, 0x07, 0xF1, 0xF8, 0xC0, 0x0F, 0x80,
    0x00, 0x00, 0x00, 0x00, 0x0F, 0xE0, 0x80, 0xC0, 0x07, 0x80, 0x00, 0x00,
    0x00, 0x00, 0x0F, 0xC0, 0x00, 0x80, 0x07, 0x80, 0x00, 0x00, 0x00, 0x00,
    0x00, 0x00, 0x00, 0x00, 0x00, 0x00, 0x00, 0x00, 0x00, 0x00, 0x00, 0x00,
    0x00, 0x00, 0x00, 0x00, 0x00, 0x00, 0x00, 0x00, 0x00, 0x00, 0x00, 0x00,
    0x00, 0x00, 0x00, 0x00, 0x00, 0x00, 0x00, 0x00, 0x00, 0x00, 0x00, 0x00,
    0x00, 0x00, 0x00, 0x00, 0x00, 0x00, 0x00, 0x00, 0x00, 0x00, 0x00, 0x00,
    0x00, 0x00, 0x00, 0x00, 0x00, 0x00, 0x00, 0x00, 0x00, 0x00, 0x00, 0x00,
    0x00, 0x00, 0x1C, 0x00, 0x00, 0x00, 0x00, 0x00, 0x00, 0x00, 0x00, 0x00,
    0x0C, 0x00, 0x00, 0x00, 0x00, 0x00, 0x00, 0x00, 0x00, 0x00, 0x0C, 0x00,
    0x00, 0x00, 0x00, 0x00, 0x00, 0x00, 0x00, 0x00, 0x0C, 0x00, 0x00, 0x00,
    0x00, 0x00, 0x00, 0x00, 0x00, 0x00, 0x0C, 0x00, 0x00, 0x00, 0x00, 0x00,
    0x00, 0x00, 0x00, 0x00, 0x0C, 0x00, 0x00, 0x00, 0x00, 0x00, 0x00, 0x00,
    0x00, 0x00, 0x0C, 0x00, 0x00, 0x00, 0x00, 0x00, 0x00, 0x00, 0x00, 0x00,
    0x00, 0x00, 0x00, 0x00, 0x00, 0x00, 0x00, 0x00, 0x00, 0x00, 0x00, 0x00,
    0x00, 0x00, 0x00, 0x00
};
static const uint8_t crying_frame_2[] = {
    0x00, 0x00, 0x00, 0x00, 0x00, 0x00, 0x00, 0x00, 0x00, 0x00, 0x00, 0x00,
    0x00, 0x00, 0x00, 0x00, 0x00, 0x00, 0x00, 0x00, 0x00, 0x00, 0x00, 0x00,
    0x00, 0x00, 0x00, 0x00, 0x00, 0x00, 0x00, 0x00, 0x00, 0x00, 0x00, 0x00,
    0x00, 0x00, 0x00, 0x00, 0x00, 0x00, 0x00, 0x00, 0x00, 0x00, 0x00, 0x00,
    0x00, 0x00, 0x00, 0x00, 0x00, 0x00, 0x00, 0x00, 0x00, 0x00, 0x00, 0x00,
    0x00, 0x00, 0x00, 0x00, 0x07, 0xF8, 0x00, 0x00, 0x00, 0x00, 0x00, 0x00,
    0x00, 0x00, 0x3F, 0xFF, 0x80, 0x00, 0x00, 0x00, 0x00, 0x00, 0x00, 0x01,
    0xFF, 0xFF, 0xE0, 0x00, 0x00, 0x00, 0x00, 0x00, 0x00, 0x03, 0xC0, 0x0F,
    0xF0, 0x00, 0x00, 0x00, 0x00, 0x00, 0x00, 0x0F, 0x3C, 0x03, 0xFC, 0x00,
    0x00, 0x00, 0x00, 0x00, 0x00, 0x1F, 0xFF, 0xC0, 0xFE, 0x00, 0x00, 0x00,
    0x00, 0x00, 0x00, 0x7F, 0xFF, 0xF0, 0x7F, 0x00, 0x00, 0x00, 0x00, 0x00,
    0x00, 0xFF, 0xFF, 0xF8, 0x3F, 0x80, 0x00, 0x00, 0x00, 0x00, 0x01, 0xFF,
    0xFF, 0xFC, 0x1F, 0x80, 0x00, 0x00, 0x00, 0x00, 0x03, 0xFF, 0xFF, 0xFE,
    0x0F, 0xC0, 0x00, 0x00, 0x00, 0x00, 0x03, 0xFF, 0xFF, 0xFF, 0x07, 0xE0,
    0x00, 0x00, 0x00, 0x00, 0x07, 0xFF, 0xFF, 0xFF, 0x87, 0xE0, 0x00, 0x00,
    0x00, 0x00, 0x0F, 0xFF, 0xFF, 0xFF, 0xC3, 0xF0, 0x00, 0x00, 0x00, 0x00,
    0x0F, 0xFF, 0xFF, 0xFF, 0xC3, 0xF0, 0x00, 0x00, 0x80, 0x00, 0x1F, 0xFF,
    0xFF, 0xFF, 0xE3, 0xF8, 0x00, 0x00, 0x80, 0x00, 0x1F, 0xFF, 0xFF, 0xFF,
    0xE1, 0xF8, 0x00, 0x00, 0x80, 0x00, 0x1F, 0xFF, 0xFF, 0xFF, 0xE1, 0xF8,
    0x00, 0x00, 0xC0, 0x00, 0x3F, 0xFF, 0xFF, 0xFF, 0xF1, 0xFC, 0x00, 0x00,
    0xC0, 0x00, 0x3F, 0xFF, 0xFF, 0xFF, 0xFF, 0xFC, 0x00, 0x00, 0xC0, 0x00,
    0x3F, 0xFF, 0xFF, 0xFF, 0xFF, 0xFC, 0x00, 0x00, 0xC0, 0x00, 0x1F, 0xFF,
    0xFF, 0xFF, 0xFC, 0xFC, 0x00, 0x00, 0xE0, 0x00, 0x1F, 0xFF, 0xFB, 0xFF,
    0xFB, 0xFC, 0x00, 0x00, 0xE0, 0x00, 0x1F, 0xFB, 0xFD, 0xFF, 0xFF, 0xFE,
    0x00, 0x00, 0xE0, 0x00, 0x0F, 0xFD, 0xFE, 0xFF, 0xFF, 0xFE, 0x00, 0x00,
    0xE0, 0x00, 0x07, 0xF8, 0x7E, 0x3F, 0xFF, 0xFE, 0x00, 0x00, 0xE0, 0x00,
    0x07, 0x00, 0x00, 0x0F, 0xFF, 0xFE, 0x00, 0x00, 0xF0, 0x00, 0x07, 0x00,
    0x18, 0x03, 0xFF, 0xFE, 0x00, 0x00, 0xF0, 0x00, 0x07, 0x60, 0x0C, 0x00,
    0x7F, 0xFF, 0x00, 0x00, 0xF0, 0x00, 0x07, 0xF0, 0x1F, 0x00, 0x3F, 0xFF,
    0x00, 0x00, 0xF0, 0x00, 0x07, 0xB0, 0x1B, 0x80, 0x3F, 0xFF, 0x00, 0x00,
    0xF0, 0x00, 0x07, 0xB8, 0x13, 0xC0, 0x3F, 0xFF, 0x00, 0x00, 0xF8, 0x00,
    0x03, 0xF8, 0x1F, 0xC0, 0x7F, 0xFF, 0x80, 0x00, 0xF8, 0x00, 0x03, 0xF8,
    0x1F, 0xC0, 0x7F, 0xFF, 0x80, 0x00, 0xFC, 0x00, 0x03, 0xF8, 0x1F, 0xC0,
    0x7F, 0xFF, 0xC0, 0x00, 0xFC, 0x00, 0x07, 0xF0, 0x1F, 0xC0, 0x7F, 0xFF,
    0xC0, 0x00, 0xFC, 0x00, 0x07, 0x70, 0x0F, 0xE0, 0x7F, 0xFF, 0xC0, 0x00,
    0xFE, 0x00, 0x07, 0x20, 0x07, 0x20, 0x7F, 0xFF, 0xC0, 0x00, 0xFE, 0x00,
    0x07, 0xE0, 0x03, 0x60, 0xFF, 0xFF, 0xE0, 0x00, 0xEE, 0x00, 0x07, 0xE0,
    0x03, 0xC0, 0xDF, 0xFF, 0xE0, 0x00, 0xEE, 0x00, 0x07, 0xE3, 0xC1, 0xC0,
    0xFF, 0xFE, 0xE0, 0x00, 0xEE, 0x00, 0x07, 0xE7, 0xE3, 0x40, 0xFF, 0xFE,
    0xE0, 0x00, 0xEE, 0x00, 0x07, 0xE2, 0x33, 0x40, 0xFF, 0xFE, 0xE0, 0x00,
    0xCE, 0x00, 0xCF, 0xF0, 0x03, 0x41, 0xFF, 0xFC, 0xE0, 0x00, 0xCE, 0x00,
    0xCF, 0xF8, 0x03, 0x43, 0xFF, 0xFC, 0xE0, 0x00, 0xDE, 0x00, 0xFF, 0xFE,
    0x03, 0x43, 0xFF, 0xFD, 0xE0, 0x00, 0xBE, 0x00, 0xFF, 0xFF, 0xC3, 0x43,
    0xFF, 0xFB, 0xE0, 0x00, 0xFE, 0x00, 0xFF, 0xFF, 0xFC, 0x03, 0xFF, 0xFF,
    0xE0, 0x00, 0xFE, 0x00, 0xFF, 0xFF, 0xFC, 0x01, 0xFF, 0xFF, 0xE0, 0x00,
    0xFC, 0x00, 0x7F, 0xFF, 0xFC, 0x01, 0xFF, 0xFF, 0xC0, 0x00, 0xF8, 0x00,
    0x3F, 0xFF, 0xFC, 0x0F, 0xFF, 0xFF, 0x80, 0x00, 0xF0, 0x00, 0x1F, 0xFF,
    0xFC, 0xFF, 0x81, 0xFF, 0x00, 0x00, 0x80, 0x00, 0x07, 0xBF, 0xCF, 0xFF,
    0x00, 0xF8, 0x00, 0x00, 0x80, 0x00, 0x00, 0x3F, 0x8F, 0x86, 0x00, 0x78,
    0x00, 0x00, 0xC0, 0x00, 0x00, 0x7F, 0x08, 0x0C, 0x00, 0x78, 0x00, 0x00,
    0x80, 0x00, 0x00, 0x7E, 0x00, 0x00, 0x00, 0x38, 0x00, 0x00, 0x00, 0x00,
    0x00, 0x00, 0x00, 0x00, 0x00, 0x00, 0x00, 0x00, 0x00, 0x00, 0x00, 0x00,
    0x00, 0x00, 0x00, 0x00, 0x00, 0x00, 0x00, 0x00, 0x00, 0x00, 0x00, 0x00,
    0x00, 0x00, 0x00, 0x00, 0x00, 0x00, 0x00, 0x00, 0x00, 0x00, 0x00, 0x00,
    0x00, 0x00, 0x00, 0x00, 0x00, 0x00, 0x00, 0x00, 0x00, 0x00, 0x00, 0x00,
    0x00, 0x00, 0x00, 0x00, 0x00, 0x00, 0x00, 0x00, 0x00, 0x00, 0x00, 0x00,
    0x00, 0x00, 0x01, 0xE0, 0x00, 0x00, 0x00, 0x00, 0x00, 0x00, 0x00, 0x00,
    0x01, 0x20, 0x00, 0x00, 0x00, 0x00, 0x00, 0x00, 0x00, 0x00, 0x00, 0x20,
    0x00, 0x00, 0x00, 0x00, 0x00, 0x00, 0x00, 0x00, 0x00, 0x60, 0x00, 0x00,
    0x00, 0x00, 0x00, 0x00, 0x00, 0x00, 0x00, 0xC0, 0x00, 0x00, 0x00, 0x00,
    0x00, 0x00, 0x00, 0x00, 0x01, 0x80, 0x00, 0x00, 0x00, 0x00, 0x00, 0x00,
    0x00, 0x00, 0x01, 0xE0, 0x00, 0x00, 0x00, 0x00, 0x00, 0x00, 0x00, 0x00,
    0x00, 0x00, 0x00, 0x00, 0x00, 0x00, 0x00, 0x00, 0x00, 0x00, 0x00, 0x00,
    0x00, 0x00, 0x00, 0x00
};
static const uint8_t crying_frame_3[] = {
    0x00, 0x00, 0x00, 0x00, 0x00, 0x00, 0x00, 0x00, 0x00, 0x00, 0x00, 0x00,
    0x00, 0x00, 0x00, 0x00, 0x00, 0x00, 0x00, 0x00, 0x00, 0x00, 0x00, 0x00,
    0x00, 0x00, 0x00, 0x00, 0x00, 0x00, 0x00, 0x00, 0x00, 0x00, 0x00, 0x00,
    0x00, 0x00, 0x00, 0x00, 0x00, 0x00, 0x00, 0x00, 0x00, 0x00, 0x00, 0x00,
    0x00, 0x00, 0x00, 0x00, 0x00, 0x00, 0x00, 0x00, 0x00, 0x00, 0x00, 0x00,
    0x00, 0x00, 0x00, 0x00, 0xFF, 0x00, 0x00, 0x00, 0x00, 0x00, 0x00, 0x00,
    0x00, 0x0F, 0xFF, 0xF0, 0x00, 0x00, 0x00, 0x00, 0x00, 0x00, 0x00, 0x3F,
    0xFF, 0xFC, 0x00, 0x00, 0x00, 0x00, 0x00, 0x00, 0x00, 0x78, 0x03, 0xFE,
    0x00, 0x00, 0x00, 0x00, 0x00, 0x00, 0x01, 0xE7, 0x80, 0x7F, 0x80, 0x00,
    0x00, 0x00, 0x00, 0x00, 0x03, 0xFF, 0xF8, 0x1F, 0xC0, 0x00, 0x00, 0x00,
    0x00, 0x00, 0x0F, 0xFF, 0xFE, 0x0F, 0xE0, 0x00, 0x00, 0x00, 0x00, 0x00,
    0x1F, 0xFF, 0xFF, 0x07, 0xF0, 0x00, 0x00, 0x00, 0x00, 0x00, 0x3F, 0xFF,
    0xFF, 0x83, 0xF0, 0x00, 0x00, 0x00, 0x00, 0x00, 0x7F, 0xFF, 0xFF, 0xC1,
    0xF8, 0x00, 0x00, 0x00, 0x00, 0x00, 0x7F, 0xFF, 0xFF, 0xE0, 0xFC, 0x00,
    0x00, 0x00, 0x00, 0x00, 0xFF, 0xFF, 0xFF, 0xF0, 0xFC, 0x00, 0x00, 0x00,
    0x00, 0x01, 0xFF, 0xFF, 0xFF, 0xF0, 0x7E, 0x00, 0x00, 0x00, 0x00, 0x01,
    0xFF, 0xFF, 0xFF, 0xF8, 0x7E, 0x00, 0x00, 0x00, 0x00, 0x03, 0xFF, 0xFF,
    0xFF, 0xFC, 0x7E, 0x00, 0x00, 0x00, 0x00, 0x03, 0xFF, 0xFF, 0xFF, 0xFC,
    0x3F, 0x00, 0x00, 0x00, 0x00, 0x03, 0xFF, 0xFF, 0xFF, 0xFC, 0x3F, 0x00,
    0x00, 0x00, 0x00, 0x07, 0xFF, 0xFF, 0xFF, 0xFE, 0x3F, 0x00, 0x00, 0x00,
    0x00, 0x07, 0xFF, 0xFF, 0xFF, 0xFF, 0xFF, 0x80, 0x00, 0x00, 0x00, 0x07,
    0xFF, 0xFF, 0xFF, 0xFF, 0xFF, 0x80, 0x00, 0x00, 0x00, 0x03, 0xFF, 0xFE,
    0xFF, 0xFF, 0x9F, 0x80, 0x00, 0x00, 0x00, 0x03, 0xFF, 0xFF, 0x7F, 0xFF,
    0x7F, 0x80, 0x00, 0x00, 0x00, 0x03, 0xFF, 0x7F, 0xBF, 0xFF, 0xFF, 0xC0,
    0x00, 0x00, 0x00, 0x01, 0xFF, 0xBF, 0xDF, 0xFF, 0xFF, 0xC0, 0x00, 0x00,
    0x00, 0x00, 0xFF, 0x0F, 0x87, 0xFF, 0xFF, 0xC0, 0x00, 0x00, 0x00, 0x00,
    0xE0, 0x00, 0x01, 0xFF, 0xFF, 0xC0, 0x00, 0x00, 0x00, 0x00, 0xE0, 0x01,
    0x00, 0x7F, 0xFF, 0xC0, 0x00, 0x00, 0x00, 0x00, 0xEC, 0x01, 0xC0, 0x07,
    0xFF, 0xC0, 0x00, 0x00, 0x00, 0x00, 0xFE, 0x01, 0xE0, 0x07, 0xFF, 0xE0,
    0x00, 0x00, 0x00, 0x00, 0xF6, 0x03, 0x78, 0x07, 0xFF, 0xE0, 0x00, 0x00,
    0x00, 0x00, 0xF3, 0x03, 0x78, 0x07, 0xFF, 0xE0, 0x00, 0x00, 0x00, 0x00,
    0xFF, 0x03, 0xF8, 0x0F, 0xFF, 0xF0, 0x00, 0x00, 0x80, 0x00, 0xFF, 0x03,
    0xF8, 0x0F, 0xFF, 0xF0, 0x00, 0x00, 0x80, 0x00, 0xFF, 0x03, 0xF8, 0x0F,
    0xFF, 0xF0, 0x00, 0x00, 0x80, 0x00, 0xFE, 0x03, 0xF8, 0x0F, 0xFF, 0xF8,
    0x00, 0x00, 0xC0, 0x00, 0xE6, 0x01, 0xFC, 0x0F, 0xFF, 0xF8, 0x00, 0x00,
    0xC0, 0x00, 0xE4, 0x00, 0x64, 0x1F, 0xFF, 0xF8, 0x00, 0x00, 0xC0, 0x00,
    0xFC, 0x00, 0x6C, 0x1B, 0xFF, 0xFC, 0x00, 0x00, 0xC0, 0x00, 0xFC, 0x00,
    0x38, 0x1B, 0xFF, 0xFC, 0x00, 0x00, 0xE0, 0x00, 0xFC, 0x38, 0x38, 0x1F,
    0xFF, 0xDC, 0x00, 0x00, 0xE0, 0x00, 0xFC, 0xFE, 0x28, 0x1F, 0xFF, 0xDC,
    0x00, 0x00, 0xE0, 0x00, 0xFC, 0xC6, 0x28, 0x1F, 0xFF, 0x9C, 0x00, 0x00,
    0xE0, 0x19, 0xFE, 0x00, 0x38, 0x3F, 0xFF, 0x9C, 0x03, 0x00, 0xE0, 0x19,
    0xFF, 0x00, 0x38, 0x7F, 0xFF, 0x9C, 0x03, 0x00, 0xE0, 0x1F, 0xFF, 0xC0,
    0x28, 0x7F, 0xFF, 0xBC, 0x03, 0x80, 0xE0, 0x1F, 0xFF, 0xF8, 0x38, 0x7F,
    0xFF, 0x7C, 0x03, 0x80, 0xC0, 0x1F, 0xFF, 0xFF, 0xA0, 0x7F, 0xFF, 0xFC,
    0x03, 0x80, 0xC0, 0x1F, 0xFF, 0xFF, 0x80, 0x7F, 0xFF, 0xF8, 0x01, 0x80,
    0x80, 0x0F, 0xFF, 0xFF, 0x80, 0x3F, 0xFF, 0xF8, 0x01, 0x80, 0x00, 0x07,
    0xFF, 0xFF, 0x81, 0xFC, 0xFF, 0xF0, 0x00, 0x80, 0x00, 0x03, 0xFF, 0xFF,
    0x8F, 0xF0, 0x3F, 0xC0, 0x00, 0x00, 0x00, 0x00, 0xF7, 0xFB, 0xFF, 0xC0,
    0x1F, 0x00, 0x00, 0x00, 0x00, 0x00, 0x07, 0xF3, 0xF0, 0xC0, 0x1F, 0x00,
    0x00, 0x00, 0x00, 0x00, 0x0F, 0xE1, 0x01, 0x80, 0x0F, 0x00, 0x00, 0x00,
    0x00, 0x00, 0x0F, 0x80, 0x00, 0x00, 0x07, 0x00, 0x00, 0x00, 0x00, 0x00,
    0x00, 0x00, 0x00, 0x00, 0x00, 0x00, 0x00, 0x00, 0x00, 0x00, 0x00, 0x00,
    0x00, 0x00, 0x00, 0x00, 0x00, 0x00, 0x00, 0x00, 0x00, 0x00, 0x00, 0x00,
    0x00, 0x00, 0x00, 0x00, 0x00, 0x00, 0x00, 0x00, 0x00, 0x00, 0x00, 0x00,
    0x00, 0x00, 0x00, 0x00, 0x00, 0x00, 0x00, 0x00, 0x00, 0x00, 0x00, 0x00,
    0x00, 0x00, 0x00, 0x00, 0x00, 0x00, 0x00, 0x00, 0x00, 0x00, 0x00, 0x00,
    0x00, 0x00, 0x38, 0x00, 0x00, 0x00, 0x00, 0x00, 0x00, 0x00, 0x00, 0x00,
    0x6C, 0x00, 0x00, 0x00, 0x00, 0x00, 0x00, 0x00, 0x00, 0x00, 0x0C, 0x00,
    0x00, 0x00, 0x00, 0x00, 0x00, 0x00, 0x00, 0x00, 0x3C, 0x00, 0x00, 0x00,
    0x00, 0x00, 0x00, 0x00, 0x00, 0x00, 0x0C, 0x00, 0x00, 0x00, 0x00, 0x00,
    0x00, 0x00, 0x00, 0x00, 0x64, 0x00, 0x00, 0x00, 0x00, 0x00, 0x00, 0x00,
    0x00, 0x00, 0x7C, 0x00, 0x00, 0x00, 0x00, 0x00, 0x00, 0x00, 0x00, 0x00,
    0x10, 0x00, 0x00, 0x00, 0x00, 0x00, 0x00, 0x00, 0x00, 0x00, 0x00, 0x00,
    0x00, 0x00, 0x00, 0x00
};
static const uint8_t crying_frame_4[] = {
    0x00, 0x00, 0x00, 0x00, 0x00, 0x00, 0x00, 0x00, 0x00, 0x00, 0x00, 0x00,
    0x00, 0x00, 0x00, 0x00, 0x00, 0x00, 0x00, 0x00, 0x00, 0x00, 0x00, 0x00,
    0x00, 0x00, 0x00, 0x00, 0x00, 0x00, 0x00, 0x00, 0x00, 0x00, 0x00, 0x00,
    0x00, 0x00, 0x00, 0x00, 0x00, 0x00, 0x00, 0x00, 0x00, 0x00, 0x00, 0x00,
    0x00, 0x00, 0x00, 0x00, 0x00, 0x00, 0x00, 0x00, 0x00, 0x00, 0x00, 0x00,
    0x00, 0x00, 0x00, 0x7F, 0xC0, 0x00, 0x00, 0x00, 0x00, 0x00, 0x00, 0x00,
    0x03, 0xFF, 0xF8, 0x00, 0x00, 0x00, 0x00, 0x00, 0x00, 0x00, 0x0F, 0xFF,
    0xFE, 0x00, 0x00, 0x00, 0x00, 0x00, 0x00, 0x00, 0x3C, 0x00, 0xFF, 0x80,
    0x00, 0x00, 0x00, 0x00, 0x00, 0x00, 0xF3, 0xE0, 0x1F, 0xC0, 0x00, 0x00,
    0x00, 0x00, 0x00, 0x01, 0xFF, 0xFC, 0x0F, 0xF0, 0x00, 0x00, 0x00, 0x00,
    0x00, 0x03, 0xFF, 0xFF, 0x03, 0xF8, 0x00, 0x00, 0x00, 0x00, 0x00, 0x07,
    0xFF, 0xFF, 0xC1, 0xF8, 0x00, 0x00, 0x00, 0x80, 0x00, 0x0F, 0xFF, 0xFF,
    0xE0, 0xFC, 0x00, 0x00, 0x01, 0x80, 0x00, 0x1F, 0xFF, 0xFF, 0xF0, 0x7E,
    0x00, 0x00, 0x03, 0x80, 0x00, 0x3F, 0xFF, 0xFF, 0xF8, 0x7E, 0x00, 0x00,
    0x03, 0x80, 0x00, 0x7F, 0xFF, 0xFF, 0xFC, 0x3F, 0x00, 0x00, 0x07, 0x80,
    0x00, 0x7F, 0xFF, 0xFF, 0xFC, 0x3F, 0x00, 0x00, 0x0F, 0x80, 0x00, 0xFF,
    0xFF, 0xFF, 0xFE, 0x1F, 0x80, 0x00, 0x0F, 0x80, 0x00, 0xFF, 0xFF, 0xFF,
    0xFE, 0x1F, 0x80, 0x00, 0x1F, 0x80, 0x01, 0xFF, 0xFF, 0xFF, 0xFF, 0x1F,
    0xC0, 0x00, 0x1F, 0x80, 0x01, 0xFF, 0xFF, 0xFF, 0xFF, 0x1F, 0xC0, 0x00,
    0x1F, 0x80, 0x01, 0xFF, 0xFF, 0xFF, 0xFF, 0x0F, 0xC0, 0x00, 0x3F, 0x80,
    0x01, 0xFF, 0xFF, 0xFF, 0xFF, 0xFF, 0xC0, 0x00, 0x3F, 0x80, 0x01, 0xFF,
    0xFF, 0xFF, 0xFF, 0xFF, 0xE0, 0x00, 0x3F, 0x80, 0x01, 0xFF, 0xFF, 0xFF,
    0xFF, 0xC7, 0xE0, 0x00, 0x3F, 0x80, 0x01, 0xFF, 0xFF, 0xDF, 0xFF, 0x9F,
    0xE0, 0x00, 0x1F, 0x80, 0x00, 0xFF, 0xDF, 0xEF, 0xFF, 0xFF, 0xE0, 0x00,
    0x1F, 0x80, 0x00, 0xFF, 0xCF, 0xF7, 0xFF, 0xFF, 0xF0, 0x00, 0x0F, 0x80,
    0x00, 0x7F, 0xC3, 0xC1, 0xFF, 0xFF, 0xF0, 0x00, 0x07, 0x80, 0x00, 0x38,
    0x00, 0x00, 0xFF, 0xFF, 0xF0, 0x00, 0x07, 0x00, 0x00, 0x38, 0x00, 0x00,
    0x1F, 0xFF, 0xF0, 0x00, 0x07, 0x00, 0x00, 0x38, 0x00, 0x00, 0x03, 0xFF,
    0xF0, 0x00, 0x07, 0x00, 0x00, 0x30, 0x00, 0x00, 0x03, 0xFF, 0xF0, 0x00,
    0x07, 0x00, 0x00, 0x30, 0x00, 0x00, 0x03, 0xFF, 0xF8, 0x00, 0x07, 0x00,
    0x00, 0x30, 0x00, 0x80, 0x03, 0xFF, 0xF8, 0x00, 0x07, 0x00, 0x00, 0x3F,
    0x81, 0xFC, 0x03, 0xFF, 0xF8, 0x00, 0x07, 0x80, 0x00, 0x3F, 0xC1, 0xFC,
    0x03, 0xFF, 0xFC, 0x00, 0x07, 0x80, 0x00, 0x3F, 0x81, 0xFC, 0x07, 0xFF,
    0xFC, 0x00, 0x07, 0x80, 0x00, 0x3F, 0x80, 0xFE, 0x07, 0xFF, 0xFE, 0x00,
    0x07, 0x80, 0x00, 0x3B, 0x00, 0x7E, 0x07, 0xFF, 0xFE, 0x00, 0x07, 0x00,
    0x00, 0x3B, 0x00, 0x3B, 0x07, 0xFF, 0xFE, 0x00, 0x07, 0x00, 0x00, 0x3E,
    0x00, 0x3E, 0x0F, 0xFF, 0xFE, 0x00, 0x07, 0x80, 0x00, 0x3E, 0x00, 0x1C,
    0x0E, 0xFF, 0xEE, 0x00, 0x07, 0x80, 0x00, 0x3E, 0x1C, 0x1C, 0x0F, 0xFF,
    0xEF, 0x00, 0x07, 0x80, 0x00, 0x7F, 0x3F, 0x1E, 0x0F, 0xFF, 0xEF, 0x00,
    0x07, 0x80, 0x00, 0x7E, 0x23, 0x16, 0x0F, 0xFF, 0xE7, 0x00, 0x07, 0x80,
    0x0C, 0x7F, 0x00, 0x1E, 0x1F, 0xFF, 0xE7, 0x00, 0xCF, 0x80, 0x0E, 0xFF,
    0x80, 0x1C, 0x1F, 0xFF, 0xEF, 0x00, 0xCF, 0x80, 0x0F, 0xFF, 0xE0, 0x14,
    0x3F, 0xFF, 0xCF, 0x00, 0xFF, 0x80, 0x0F, 0xFF, 0xFE, 0x1C, 0x3F, 0xFF,
    0xDF, 0x00, 0xFF, 0x80, 0x0F, 0xFF, 0xFF, 0xE0, 0x3F, 0xFF, 0xFE, 0x00,
    0xFF, 0x80, 0x07, 0xFF, 0xFF, 0xE0, 0x1F, 0xFF, 0xFE, 0x00, 0xFF, 0x80,
    0x07, 0xFF, 0xFF, 0xE0, 0x1F, 0xFF, 0xFC, 0x00, 0x7F, 0x80, 0x03, 0xFF,
    0xFF, 0xE0, 0xFF, 0x7F, 0xFC, 0x00, 0x3F, 0x80, 0x01, 0xFF, 0xFF, 0xE7,
    0xF8, 0x1F, 0xF0, 0x00, 0x1F, 0x80, 0x00, 0x7F, 0xFE, 0xFF, 0xF0, 0x0F,
    0x80, 0x00, 0x0F, 0x80, 0x00, 0x03, 0xF8, 0xFC, 0x60, 0x07, 0x80, 0x00,
    0x00, 0x00, 0x00, 0x07, 0xF0, 0x40, 0x60, 0x07, 0xC0, 0x00, 0x00, 0x00,
    0x00, 0x07, 0xE0, 0x00, 0x40, 0x03, 0x80, 0x00, 0x00, 0x00, 0x00, 0x00,
    0x00, 0x00, 0x00, 0x00, 0x00, 0x00, 0x00, 0x00, 0x00, 0x00, 0x00, 0x00,
    0x00, 0x00, 0x00, 0x00, 0x00, 0x00, 0x00, 0x00, 0x00, 0x00, 0x00, 0x00,
    0x00, 0x00, 0x00, 0x00, 0x00, 0x00, 0x00, 0x00, 0x00, 0x00, 0x00, 0x00,
    0x00, 0x00, 0x00, 0x00, 0x00, 0x00, 0x00, 0x00, 0x00, 0x00, 0x00, 0x00,
    0x00, 0x00, 0x00, 0x00, 0x00, 0x00, 0x00, 0x00, 0x00, 0x00, 0x00, 0x00,
    0x00, 0x06, 0x00, 0x00, 0x00, 0x00, 0x00, 0x00, 0x00, 0x00, 0x00, 0x06,
    0x00, 0x00, 0x00, 0x00, 0x00, 0x00, 0x00, 0x00, 0x00, 0x0E, 0x00, 0x00,
    0x00, 0x00, 0x00, 0x00, 0x00, 0x00, 0x00, 0x1A, 0x00, 0x00, 0x00, 0x00,
    0x00, 0x00, 0x00, 0x00, 0x00, 0x3F, 0x00, 0x00, 0x00, 0x00, 0x00, 0x00,
    0x00, 0x00, 0x00, 0x1F, 0x00, 0x00, 0x00, 0x00, 0x00, 0x00, 0x00, 0x00,
    0x00, 0x06, 0x00, 0x00, 0x00, 0x00, 0x00, 0x00, 0x00, 0x00, 0x00, 0x00,
    0x00, 0x00, 0x00, 0x00, 0x00, 0x00, 0x00, 0x00, 0x00, 0x00, 0x00, 0x00,
    0x00, 0x00, 0x00, 0x00
};
static const uint8_t crying_frame_5[] = {
    0x00, 0x00, 0x00, 0x00, 0x00, 0x00, 0x00, 0x00, 0x00, 0x00, 0x00, 0x00,
    0x00, 0x00, 0x00, 0x00, 0x00, 0x00, 0x00, 0x00, 0x00, 0x00, 0x00, 0x00,
    0x00, 0x00, 0x00, 0x00, 0x00, 0x00, 0x00, 0x00, 0x00, 0x00, 0x00, 0x00,
    0x00, 0x00, 0x00, 0x00, 0x00, 0x00, 0x00, 0x00, 0x00, 0x00, 0x00, 0x00,
    0x00, 0x00, 0x00, 0x00, 0x00, 0x00, 0x00, 0x00, 0x00, 0x00, 0x00, 0x00,
    0x00, 0x00, 0x00, 0x07, 0xFC, 0x00, 0x00, 0x00, 0x00, 0x00, 0x00, 0x00,
    0x00, 0x3F, 0xFF, 0x80, 0x00, 0x00, 0x00, 0x00, 0x00, 0x00, 0x00, 0xFF,
    0xFF, 0xF0, 0x00, 0x00, 0x00, 0x00, 0x00, 0x00, 0x03, 0xC0, 0x0F, 0xF8,
    0x00, 0x00, 0x00, 0x00, 0x00, 0x00, 0x07, 0x1E, 0x01, 0xFC, 0x00, 0x00,
    0x00, 0x00, 0x00, 0x00, 0x1F, 0xFF, 0xC0, 0x7F, 0x00, 0x00, 0x00, 0x00,
    0x00, 0x00, 0x3F, 0xFF, 0xF0, 0x3F, 0x80, 0x00, 0x00, 0x00, 0x00, 0x00,
    0x7F, 0xFF, 0xFC, 0x1F, 0x80, 0x00, 0x00, 0x00, 0x00, 0x00, 0xFF, 0xFF,
    0xFE, 0x0F, 0xC0, 0x00, 0x00, 0x00, 0x00, 0x01, 0xFF, 0xFF, 0xFF, 0x07,
    0xE0, 0x00, 0x00, 0x00, 0x00, 0x03, 0xFF, 0xFF, 0xFF, 0x87, 0xE0, 0x00,
    0x00, 0x00, 0x00, 0x07, 0xFF, 0xFF, 0xFF, 0xC3, 0xF0, 0x00, 0x00, 0x00,
    0x00, 0x07, 0xFF, 0xFF, 0xFF, 0xC3, 0xF0, 0x00, 0x00, 0x00, 0x00, 0x0F,
    0xFF, 0xFF, 0xFF, 0xE1, 0xF8, 0x00, 0x00, 0x00, 0x00, 0x0F, 0xFF, 0xFF,
    0xFF, 0xE1, 0xF8, 0x00, 0x00, 0x00, 0x00, 0x1F, 0xFF, 0xFF, 0xFF, 0xF1,
    0xFC, 0x00, 0x00, 0x00, 0x00, 0x1F, 0xFF, 0xFF, 0xFF, 0xF0, 0xFC, 0x00,
    0x00, 0x00, 0x00, 0x1F, 0xFF, 0xFF, 0xFF, 0xF8, 0xFC, 0x00, 0x00, 0x00,
    0x00, 0x1F, 0xFF, 0xFF, 0xFF, 0xFF, 0xFC, 0x00, 0x00, 0x00, 0x00, 0x1F,
    0xFF, 0xFF, 0xFF, 0xFF, 0xFE, 0x00, 0x00, 0x00, 0x00, 0x1F, 0xFF, 0xFF,
    0xFF, 0xFC, 0x7E, 0x00, 0x00, 0x00, 0x00, 0x1F, 0xFF, 0xFD, 0xFF, 0xF9,
    0xFE, 0x00, 0x00, 0x00, 0x00, 0x0F, 0xFD, 0xFE, 0xFF, 0xFF, 0xFE, 0x00,
    0x00, 0x00, 0x00, 0x0F, 0xFC, 0xFF, 0x7F, 0xFF, 0xFF, 0x00, 0x00, 0x00,
    0x00, 0x07, 0xFC, 0x7C, 0x1F, 0xFF, 0xFF, 0x00, 0x00, 0x00, 0x00, 0x03,
    0x80, 0x00, 0x07, 0xFF, 0xFF, 0x00, 0x00, 0x00, 0x00, 0x03, 0x80, 0x00,
    0x01, 0xFF, 0xFF, 0x00, 0x00, 0x00, 0x00, 0x03, 0x00, 0x00, 0x00, 0x3F,
    0xFF, 0x00, 0x00, 0x00, 0x00, 0x03, 0x00, 0x00, 0x00, 0x1F, 0xFF, 0x80,
    0x00, 0x00, 0x00, 0x03, 0x00, 0x08, 0x00, 0x3F, 0xFF, 0x80, 0x00, 0x00,
    0x00, 0x03, 0x00, 0x0D, 0x00, 0x3F, 0xFF, 0x80, 0x00, 0x00, 0x00, 0x03,
    0xF8, 0x1F, 0xC0, 0x3F, 0xFF, 0xC0, 0x00, 0x00, 0x00, 0x03, 0xFC, 0x1F,
    0xE0, 0x3F, 0xFF, 0xC0, 0x00, 0x00, 0x00, 0x03, 0xF8, 0x0F, 0xF0, 0x3F,
    0xFF, 0xC0, 0x00, 0x00, 0x00, 0x03, 0xF8, 0x0F, 0xE0, 0x3F, 0xFF, 0xE0,
    0x00, 0x00, 0x00, 0x03, 0xB0, 0x07, 0xE0, 0x7F, 0xFF, 0xE0, 0x00, 0x00,
    0x00, 0x03, 0xB0, 0x03, 0xC0, 0x7F, 0xFF, 0xE0, 0x00, 0x00, 0x00, 0x03,
    0xE0, 0x03, 0xE0, 0x7F, 0xFF, 0xF0, 0x00, 0x00, 0x00, 0x03, 0xE0, 0x01,
    0xE0, 0x7F, 0xFF, 0xF0, 0x00, 0x00, 0x00, 0x03, 0xF1, 0xC1, 0xE0, 0x7F,
    0xFE, 0xF0, 0x00, 0x00, 0x00, 0x07, 0xF3, 0xF1, 0xE0, 0x7F, 0xFE, 0x70,
    0x00, 0x00, 0x00, 0x07, 0xE2, 0x31, 0xE0, 0xFF, 0xFE, 0x70, 0x00, 0x00,
    0x00, 0x47, 0xF0, 0x01, 0xE1, 0xFF, 0xFE, 0x70, 0x00, 0x00, 0x00, 0xEF,
    0xF8, 0x01, 0xE1, 0xFF, 0xFE, 0xF0, 0x00, 0x00, 0x00, 0xFF, 0xFE, 0x01,
    0x63, 0xFF, 0xFC, 0xF0, 0x00, 0x00, 0x00, 0xFF, 0xFF, 0xE1, 0xE3, 0xFF,
    0xFD, 0xF0, 0x00, 0x00, 0x00, 0x7F, 0xFF, 0xFF, 0xC3, 0xFF, 0xFF, 0xF0,
    0x00, 0x00, 0x00, 0x7F, 0xFF, 0xFE, 0x01, 0xFF, 0xFF, 0xE0, 0x00, 0x00,
    0x00, 0x7F, 0xFF, 0xFE, 0x01, 0xFF, 0xFF, 0xE0, 0x00, 0x00, 0x00, 0x3F,
    0xFF, 0xFE, 0x0F, 0xF7, 0xFF, 0xC0, 0x00, 0x00, 0x00, 0x1F, 0xFF, 0xFC,
    0x7F, 0x80, 0xFF, 0x00, 0x00, 0x00, 0x00, 0x07, 0xFF, 0xEF, 0xFF, 0x00,
    0x78, 0x00, 0x00, 0x00, 0x00, 0x00, 0x3F, 0x8F, 0xC6, 0x00, 0x7C, 0x00,
    0x00, 0x00, 0x00, 0x00, 0x7F, 0x0C, 0x06, 0x00, 0x3C, 0x00, 0x00, 0x00,
    0x00, 0x00, 0x7E, 0x00, 0x00, 0x00, 0x3C, 0x00, 0x00, 0x00, 0x00, 0x00,
    0x00, 0x00, 0x00, 0x00, 0x00, 0x00, 0x00, 0x00, 0x00, 0x00, 0x00, 0x00,
    0x00, 0x00, 0x00, 0x00, 0x00, 0x00, 0x00, 0x00, 0x00, 0x00, 0x00, 0x00,
    0x00, 0x00, 0x00, 0x00, 0x00, 0x00, 0x00, 0x00, 0x00, 0x00, 0x00, 0x00,
    0x00, 0x00, 0x00, 0x00, 0x00, 0x00, 0x00, 0x00, 0x00, 0x00, 0x00, 0x00,
    0x00, 0x00, 0x00, 0x00, 0x00, 0x00, 0x00, 0x00, 0x00, 0x00, 0x00, 0x00,
    0x00, 0x01, 0xE0, 0x00, 0x00, 0x00, 0x00, 0x00, 0x00, 0x00, 0x00, 0x01,
    0x80, 0x00, 0x00, 0x00, 0x00, 0x00, 0x00, 0x00, 0x00, 0x01, 0xC0, 0x00,
    0x00, 0x00, 0x00, 0x00, 0x00, 0x00, 0x00, 0x01, 0xF0, 0x00, 0x00, 0x00,
    0x00, 0x00, 0x00, 0x00, 0x00, 0x00, 0x30, 0x00, 0x00, 0x00, 0x00, 0x00,
    0x00, 0x00, 0x00, 0x01, 0x30, 0x00, 0x00, 0x00, 0x00, 0x00, 0x00, 0x00,
    0x00, 0x01, 0xE0, 0x00, 0x00, 0x00, 0x00, 0x00, 0x00, 0x00, 0x00, 0x00,
    0x40, 0x00, 0x00, 0x00, 0x00, 0x00, 0x00, 0x00, 0x00, 0x00, 0x00, 0x00,
    0x00, 0x00, 0x00, 0x00
};
static const uint8_t crying_frame_6[] = {
    0x00, 0x00, 0x00, 0x00, 0x00, 0x00, 0x00, 0x00, 0x00, 0x00, 0x00, 0x00,
    0x00, 0x00, 0x00, 0x00, 0x00, 0x00, 0x00, 0x00, 0x00, 0x00, 0x00, 0x00,
    0x00, 0x00, 0x00, 0x00, 0x00, 0x00, 0x00, 0x00, 0x00, 0x00, 0x00, 0x00,
    0x00, 0x00, 0x00, 0x00, 0x00, 0x00, 0x00, 0x00, 0xFF, 0xC0, 0x00, 0x00,
    0x00, 0x00, 0x00, 0x00, 0x00, 0x07, 0xFF, 0xF8, 0x00, 0x00, 0x00, 0x00,
    0x00, 0x00, 0x00, 0x3F, 0xFF, 0xFE, 0x00, 0x00, 0x00, 0x00, 0x00, 0x00,
    0x00, 0x78, 0x00, 0xFF, 0x00, 0x00, 0x00, 0x00, 0x00, 0x00, 0x01, 0xFF,
    0xE0, 0x3F, 0xC0, 0x00, 0x00, 0x00, 0x00, 0x00, 0x03, 0xFF, 0xFC, 0x0F,
    0xE0, 0x00, 0x00, 0x00, 0x00, 0x00, 0x07, 0xFF, 0xFF, 0x07, 0xF0, 0x00,
    0x00, 0x00, 0x00, 0x00, 0x0F, 0xFF, 0xFF, 0x83, 0xF0, 0x00, 0x00, 0x00,
    0x00, 0x00, 0x1F, 0xFF, 0xFF, 0xC1, 0xF8, 0x00, 0x00, 0x00, 0x00, 0x00,
    0x3F, 0xFF, 0xFF, 0xE0, 0xFC, 0x00, 0x00, 0x00, 0x00, 0x00, 0x7F, 0xFF,
    0xFF, 0xF0, 0xFC, 0x00, 0x00, 0x00, 0x00, 0x00, 0xFF, 0xFF, 0xFF, 0xF8,
    0x7E, 0x00, 0x00, 0x00, 0x00, 0x00, 0xFF, 0xFF, 0xFF, 0xF8, 0x7E, 0x00,
    0x00, 0x00, 0x00, 0x01, 0xFF, 0xFF, 0xFF, 0xFC, 0x3F, 0x00, 0x00, 0x00,
    0x00, 0x01, 0xFF, 0xFF, 0xFF, 0xFC, 0x3F, 0x00, 0x00, 0x00, 0x00, 0x01,
    0xFF, 0xFF, 0xFF, 0xFE, 0x3F, 0x00, 0x00, 0x00, 0x00, 0x03, 0xFF, 0xFF,
    0xFF, 0xFE, 0x3F, 0x80, 0x00, 0x00, 0x00, 0x03, 0xFF, 0xFF, 0xFF, 0xFE,
    0xFF, 0x80, 0x00, 0x00, 0x00, 0x03, 0xFF, 0xFF, 0xFF, 0xFF, 0xFF, 0x80,
    0x00, 0x00, 0x00, 0x03, 0xFF, 0xFF, 0xFF, 0xFF, 0xFF, 0xC0, 0x00, 0x00,
    0x00, 0x01, 0xFF, 0xFF, 0x7F, 0xFF, 0x07, 0xC0, 0x00, 0x00, 0x00, 0x01,
    0xFF, 0xFF, 0xBF, 0xFF, 0x7F, 0xC0, 0x00, 0x00, 0x00, 0x01, 0xFF, 0xBF,
    0xDF, 0xFF, 0xFF, 0xC0, 0x00, 0x00, 0x00, 0x00, 0xFF, 0x9F, 0xE7, 0xFF,
    0xFF, 0xC0, 0x00, 0x00, 0x00, 0x00, 0x7F, 0x80, 0x01, 0xFF, 0xFF, 0xE0,
    0x00, 0x00, 0x00, 0x00, 0x70, 0x00, 0x00, 0x7F, 0xFF, 0xE0, 0x00, 0x00,
    0x00, 0x00, 0x70, 0x00, 0x00, 0x0F, 0xFF, 0xE0, 0x00, 0x00, 0x00, 0x00,
    0x70, 0x00, 0x00, 0x03, 0xFF, 0xE0, 0x00, 0x00, 0x00, 0x00, 0x70, 0x00,
    0x00, 0x07, 0xFF, 0xE0, 0x00, 0x00, 0x00, 0x00, 0x70, 0x00, 0x00, 0x07,
    0xFF, 0xF0, 0x00, 0x00, 0x00, 0x00, 0x70, 0x00, 0x00, 0x07, 0xFF, 0xF0,
    0x00, 0x00, 0x00, 0x00, 0x78, 0x81, 0x08, 0x07, 0xFF, 0xF8, 0x00, 0x00,
    0x00, 0x00, 0x7F, 0xC1, 0xFC, 0x07, 0xFF, 0xF8, 0x00, 0x00, 0x00, 0x00,
    0x7F, 0x81, 0xF8, 0x07, 0xFF, 0xF8, 0x00, 0x00, 0x00, 0x00, 0x70, 0x00,
    0x70, 0x03, 0xFF, 0xFC, 0x00, 0x00, 0x00, 0x00, 0x70, 0x00, 0x00, 0x03,
    0xFF, 0xFC, 0x00, 0x00, 0x00, 0x00, 0x70, 0x00, 0x00, 0x03, 0xFF, 0xDC,
    0x00, 0x00, 0x00, 0x00, 0x78, 0x00, 0x00, 0x03, 0xFF, 0xDC, 0x00, 0x00,
    0x00, 0x00, 0x78, 0x3E, 0x00, 0x07, 0xFF, 0xDE, 0x00, 0x00, 0x00, 0x00,
    0x7C, 0x3E, 0x00, 0x0F, 0xFF, 0xDE, 0x00, 0x00, 0x00, 0x0C, 0xFE, 0x1C,
    0x00, 0x1F, 0xFF, 0xDE, 0x00, 0x80, 0x00, 0x0C, 0xFF, 0x00, 0x00, 0x3F,
    0xFF, 0xDE, 0x01, 0x80, 0x00, 0x0F, 0xFF, 0x80, 0x00, 0x7F, 0xFF, 0x9E,
    0x01, 0x80, 0x00, 0x0F, 0xFF, 0xF0, 0x00, 0x7F, 0xFF, 0xBE, 0x01, 0x80,
    0x00, 0x0F, 0xFF, 0xFF, 0x80, 0x7F, 0xFF, 0xFC, 0x01, 0x80, 0x00, 0x0F,
    0xFF, 0xFF, 0xC0, 0x3F, 0xFF, 0xFC, 0x00, 0x80, 0x00, 0x07, 0xFF, 0xFF,
    0xC0, 0x3F, 0xFF, 0xFC, 0x00, 0x80, 0x00, 0x07, 0xFF, 0xFF, 0xC0, 0x7F,
    0xFF, 0xF8, 0x00, 0x00, 0x00, 0x03, 0xFF, 0xFF, 0xC3, 0xFC, 0x3F, 0xF0,
    0x00, 0x00, 0x00, 0x00, 0xFF, 0xFF, 0xFF, 0xF0, 0x1F, 0xC0, 0x00, 0x00,
    0x00, 0x00, 0x03, 0xF9, 0xFC, 0x60, 0x0F, 0x00, 0x00, 0x00, 0x00, 0x00,
    0x07, 0xF1, 0xC0, 0xC0, 0x0F, 0x80, 0x00, 0x00, 0x00, 0x00, 0x0F, 0xE0,
    0x00, 0x80, 0x07, 0x80, 0x00, 0x00, 0x00, 0x00, 0x00, 0x00, 0x00, 0x00,
    0x00, 0x00, 0x00, 0x00, 0x00, 0x00, 0x00, 0x00, 0x00, 0x00, 0x00, 0x00,
    0x00, 0x00, 0x00, 0x00, 0x00, 0x00, 0x00, 0x00, 0x00, 0x00, 0x00, 0x00,
    0x00, 0x00, 0x00, 0x00, 0x00, 0x00, 0x00, 0x00, 0x00, 0x00, 0x00, 0x00,
    0x00, 0x00, 0x00, 0x00, 0x00, 0x00, 0x00, 0x00, 0x00, 0x00, 0x00, 0x00,
    0x00, 0x00, 0x00, 0x00, 0x00, 0x00, 0x00, 0x00, 0x00, 0x00, 0x00, 0x00,
    0x00, 0x00, 0x00, 0x00, 0x00, 0x00, 0x00, 0x00, 0x0C, 0x00, 0x00, 0x00,
    0x00, 0x00, 0x00, 0x00, 0x00, 0x00, 0x1E, 0x00, 0x00, 0x00, 0x00, 0x00,
    0x00, 0x00, 0x00, 0x00, 0x30, 0x00, 0x00, 0x00, 0x00, 0x00, 0x00, 0x00,
    0x00, 0x00, 0x3E, 0x00, 0x00, 0x00, 0x00, 0x00, 0x00, 0x00, 0x00, 0x00,
    0x33, 0x00, 0x00, 0x00, 0x00, 0x00, 0x00, 0x00, 0x00, 0x00, 0x33, 0x00,
    0x00, 0x00, 0x00, 0x00, 0x00, 0x00, 0x00, 0x00, 0x1E, 0x00, 0x00, 0x00,
    0x00, 0x00, 0x00, 0x00, 0x00, 0x00, 0x0C, 0x00, 0x00, 0x00, 0x00, 0x00,
    0x00, 0x00, 0x00, 0x00, 0x00, 0x00, 0x00, 0x00, 0x00, 0x00, 0x00, 0x00,
    0x00, 0x00, 0x00, 0x00, 0x00, 0x00, 0x00, 0x00, 0x00, 0x00, 0x00, 0x00,
    0x00, 0x00, 0x00, 0x00, 0x00, 0x00, 0x00, 0x00, 0x00, 0x00, 0x00, 0x00,
    0x00, 0x00, 0x00, 0x00
};
static const uint8_t crying_frame_7[] = {
    0x00, 0x00, 0x00, 0x00, 0x00, 0x00, 0x00, 0x00, 0x00, 0x00, 0x00, 0x00,
    0x00, 0x00, 0x00, 0x00, 0x00, 0x00, 0x00, 0x00, 0x00, 0x00, 0x00, 0x00,
    0x00, 0x00, 0x00, 0x00, 0x00, 0x00, 0x00, 0x00, 0x00, 0x00, 0x00, 0x00,
    0x00, 0x00, 0x00, 0x00, 0x00, 0x00, 0x00, 0x00, 0x03, 0xF0, 0x00, 0x00,
    0x00, 0x00, 0x00, 0x00, 0x00, 0x00, 0x3F, 0xFF, 0x00, 0x00, 0x00, 0x00,
    0x00, 0x00, 0x00, 0x00, 0xFF, 0xFF, 0xE0, 0x00, 0x00, 0x00, 0x00, 0x00,
    0x00, 0x03, 0xC0, 0x1F, 0xF0, 0x00, 0x00, 0x00, 0x00, 0x00, 0x00, 0x0F,
    0x3C, 0x03, 0xFC, 0x00, 0x00, 0x00, 0x00, 0x00, 0x00, 0x1F, 0xFF, 0xC1,
    0xFE, 0x00, 0x00, 0x00, 0x00, 0x00, 0x00, 0x7F, 0xFF, 0xF0, 0x7F, 0x00,
    0x00, 0x00, 0x00, 0x00, 0x00, 0xFF, 0xFF, 0xF8, 0x3F, 0x80, 0x00, 0x00,
    0x00, 0x00, 0x01, 0xFF, 0xFF, 0xFC, 0x1F, 0x80, 0x00, 0x00, 0x00, 0x00,
    0x03, 0xFF, 0xFF, 0xFE, 0x0F, 0xC0, 0x00, 0x00, 0x00, 0x00, 0x03, 0xFF,
    0xFF, 0xFF, 0x07, 0xE0, 0x00, 0x00, 0x00, 0x00, 0x07, 0xFF, 0xFF, 0xFF,
    0x87, 0xE0, 0x00, 0x00, 0x00, 0x00, 0x0F, 0xFF, 0xFF, 0xFF, 0xC3, 0xF0,
    0x00, 0x00, 0x00, 0x00, 0x0F, 0xFF, 0xFF, 0xFF, 0xC3, 0xF0, 0x00, 0x00,
    0x80, 0x00, 0x1F, 0xFF, 0xFF, 0xFF, 0xE3, 0xF8, 0x00, 0x00, 0x80, 0x00,
    0x1F, 0xFF, 0xFF, 0xFF, 0xE1, 0xF8, 0x00, 0x00, 0x80, 0x00, 0x1F, 0xFF,
    0xFF, 0xFF, 0xE1, 0xF8, 0x00, 0x00, 0xC0, 0x00, 0x3F, 0xFF, 0xFF, 0xFF,
    0xF1, 0xFC, 0x00, 0x00, 0xC0, 0x00, 0x3F, 0xFF, 0xFF, 0xFF, 0xFF, 0xFC,
    0x00, 0x00, 0xC0, 0x00, 0x3F, 0xFF, 0xFF, 0xFF, 0xFF, 0xFC, 0x00, 0x00,
    0xC0, 0x00, 0x1F, 0xFF, 0xFF, 0xFF, 0xFC, 0x7C, 0x00, 0x00, 0xE0, 0x00,
    0x1F, 0xFF, 0xFB, 0xFF, 0xFB, 0xFC, 0x00, 0x00, 0xE0, 0x00, 0x1F, 0xFB,
    0xFD, 0xFF, 0xFF, 0xFE, 0x00, 0x00, 0xE0, 0x00, 0x0F, 0xFD, 0xFE, 0xFF,
    0xFF, 0xFE, 0x00, 0x00, 0xE0, 0x00, 0x07, 0xFC, 0xFC, 0x3F, 0xFF, 0xFE,
    0x00, 0x00, 0xE0, 0x00, 0x07, 0x00, 0x00, 0x0F, 0xFF, 0xFE, 0x00, 0x00,
    0xE0, 0x00, 0x07, 0x00, 0x00, 0x01, 0xFF, 0xFE, 0x00, 0x00, 0xF0, 0x00,
    0x07, 0x00, 0x00, 0x00, 0x3F, 0xFF, 0x00, 0x00, 0xF0, 0x00, 0x07, 0x00,
    0x00, 0x00, 0x3F, 0xFF, 0x00, 0x00, 0xF0, 0x00, 0x07, 0x00, 0x00, 0x00,
    0x3F, 0xFF, 0x00, 0x00, 0xF8, 0x00, 0x07, 0x00, 0x00, 0x00, 0x3F, 0xFF,
    0x80, 0x00, 0xF8, 0x00, 0x03, 0x00, 0x00, 0x00, 0x3F, 0xFF, 0x80, 0x00,
    0xFC, 0x00, 0x07, 0xDC, 0x1D, 0xC0, 0x3F, 0xFF, 0x80, 0x00, 0xFC, 0x00,
    0x07, 0xF8, 0x1F, 0xC0, 0x3F, 0xFF, 0xC0, 0x00, 0xFC, 0x00, 0x07, 0x70,
    0x0F, 0x80, 0x3F, 0xFF, 0xC0, 0x00, 0xFC, 0x00, 0x07, 0x00, 0x00, 0x00,
    0x3F, 0xFF, 0xC0, 0x00, 0xFE, 0x00, 0x07, 0x00, 0x00, 0x00, 0x3F, 0xFF,
    0xE0, 0x00, 0xFE, 0x00, 0x07, 0x80, 0x00, 0x00, 0x1F, 0xFF, 0xE0, 0x00,
    0xEE, 0x00, 0x07, 0x80, 0x20, 0x00, 0x3F, 0xFE, 0xE0, 0x00, 0xEE, 0x00,
    0x07, 0xC3, 0x70, 0x00, 0x7F, 0xFE, 0xE0, 0x00, 0xEE, 0x00, 0x07, 0xC1,
    0xE0, 0x00, 0xFF, 0xFC, 0xE0, 0x00, 0xCE, 0x00, 0xCF, 0xF0, 0x00, 0x01,
    0xFF, 0xFC, 0xE0, 0x00, 0xCE, 0x00, 0xCF, 0xF8, 0x00, 0x03, 0xFF, 0xFD,
    0xE0, 0x00, 0xDE, 0x00, 0xFF, 0xFE, 0x00, 0x03, 0xFF, 0xFD, 0xE0, 0x00,
    0xBE, 0x00, 0xFF, 0xFF, 0xC0, 0x03, 0xFF, 0xFB, 0xE0, 0x00, 0xFE, 0x00,
    0xFF, 0xFF, 0xFC, 0x03, 0xFF, 0xFF, 0xE0, 0x00, 0xFC, 0x00, 0xFF, 0xFF,
    0xFC, 0x03, 0xFF, 0xFF, 0xC0, 0x00, 0xFC, 0x00, 0x7F, 0xFF, 0xFC, 0x03,
    0xFF, 0xFF, 0xC0, 0x00, 0xF8, 0x00, 0x3F, 0xFF, 0xFC, 0x1F, 0xE7, 0xFF,
    0x80, 0x00, 0xE0, 0x00, 0x1F, 0xFF, 0xFC, 0xFF, 0x81, 0xFE, 0x00, 0x00,
    0x80, 0x00, 0x07, 0xBF, 0xCF, 0xF7, 0x00, 0xF8, 0x00, 0x00, 0x80, 0x00,
    0x00, 0x7F, 0x0F, 0x06, 0x00, 0x78, 0x00, 0x00, 0xC0, 0x00, 0x00, 0x7F,
    0x00, 0x0C, 0x00, 0x78, 0x00, 0x00, 0x00, 0x00, 0x00, 0x00, 0x00, 0x00,
    0x00, 0x00, 0x00, 0x00, 0x00, 0x00, 0x00, 0x00, 0x00, 0x00, 0x00, 0x00,
    0x00, 0x00, 0x00, 0x00, 0x00, 0x00, 0x00, 0x00, 0x00, 0x00, 0x00, 0x00,
    0x00, 0x00, 0x00, 0x00, 0x00, 0x00, 0x00, 0x00, 0x00, 0x00, 0x00, 0x00,
    0x00, 0x00, 0x00, 0x00, 0x00, 0x00, 0x00, 0x00, 0x00, 0x00, 0x00, 0x00,
    0x00, 0x00, 0x00, 0x00, 0x00, 0x00, 0x00, 0x00, 0x00, 0x00, 0x00, 0x00,
    0x00, 0x00, 0x00, 0x00, 0x00, 0x00, 0x00, 0x00, 0x00, 0x40, 0x00, 0x00,
    0x00, 0x00, 0x00, 0x00, 0x00, 0x00, 0x01, 0xE0, 0x00, 0x00, 0x00, 0x00,
    0x00, 0x00, 0x00, 0x00, 0x01, 0x30, 0x00, 0x00, 0x00, 0x00, 0x00, 0x00,
    0x00, 0x00, 0x00, 0x20, 0x00, 0x00, 0x00, 0x00, 0x00, 0x00, 0x00, 0x00,
    0x00, 0xE0, 0x00, 0x00, 0x00, 0x00, 0x00, 0x00, 0x00, 0x00, 0x01, 0x80,
    0x00, 0x00, 0x00, 0x00, 0x00, 0x00, 0x00, 0x00, 0x01, 0x00, 0x00, 0x00,
    0x00, 0x00, 0x00, 0x00, 0x00, 0x00, 0x03, 0xF0, 0x00, 0x00, 0x00, 0x00,
    0x00, 0x00, 0x00, 0x00, 0x00, 0x00, 0x00, 0x00, 0x00, 0x00, 0x00, 0x00,
    0x00, 0x00, 0x00, 0x00, 0x00, 0x00, 0x00, 0x00, 0x00, 0x00, 0x00, 0x00,
    0x00, 0x00, 0x00, 0x00, 0x00, 0x00, 0x00, 0x00, 0x00, 0x00, 0x00, 0x00,
    0x00, 0x00, 0x00, 0x00
};
static const uint8_t crying_frame_8[] = {
    0x00, 0x00, 0x00, 0x00, 0x00, 0x00, 0x00, 0x00, 0x00, 0x00, 0x00, 0x00,
    0x00, 0x00, 0x00, 0x00, 0x00, 0x00, 0x00, 0x00, 0x00, 0x00, 0x00, 0x00,
    0x00, 0x00, 0x00, 0x00, 0x00, 0x00, 0x00, 0x00, 0x00, 0x00, 0x00, 0x00,
    0x00, 0x00, 0x00, 0x00, 0x00, 0x00, 0x00, 0x01, 0xFF, 0x80, 0x00, 0x00,
    0x00, 0x00, 0x00, 0x00, 0x00, 0x0F, 0xFF, 0xF0, 0x00, 0x00, 0x00, 0x00,
    0x00, 0x00, 0x00, 0x3F, 0xFF, 0xFC, 0x00, 0x00, 0x00, 0x00, 0x00, 0x00,
    0x00, 0xF0, 0x01, 0xFF, 0x00, 0x00, 0x00, 0x00, 0x00, 0x00, 0x03, 0xFF,
    0xE0, 0x7F, 0x80, 0x00, 0x00, 0x00, 0x00, 0x00, 0x07, 0xFF, 0xF8, 0x1F,
    0xC0, 0x00, 0x00, 0x00, 0x00, 0x00, 0x0F, 0xFF, 0xFE, 0x0F, 0xE0, 0x00,
    0x00, 0x00, 0x00, 0x00, 0x1F, 0xFF, 0xFF, 0x87, 0xF0, 0x00, 0x00, 0x00,
    0x00, 0x00, 0x3F, 0xFF, 0xFF, 0xC3, 0xF8, 0x00, 0x00, 0x00, 0x00, 0x00,
    0x7F, 0xFF, 0xFF, 0xE1, 0xF8, 0x00, 0x00, 0x00, 0x00, 0x00, 0xFF, 0xFF,
    0xFF, 0xE0, 0xFC, 0x00, 0x00, 0x00, 0x00, 0x00, 0xFF, 0xFF, 0xFF, 0xF0,
    0xFC, 0x00, 0x00, 0x00, 0x00, 0x01, 0xFF, 0xFF, 0xFF, 0xF8, 0x7E, 0x00,
    0x00, 0x00, 0x00, 0x01, 0xFF, 0xFF, 0xFF, 0xF8, 0x7E, 0x00, 0x00, 0x00,
    0x00, 0x03, 0xFF, 0xFF, 0xFF, 0xFC, 0x7F, 0x00, 0x00, 0x00, 0x00, 0x03,
    0xFF, 0xFF, 0xFF, 0xFC, 0x3F, 0x00, 0x00, 0x00, 0x00, 0x03, 0xFF, 0xFF,
    0xFF, 0xFC, 0x3F, 0x00, 0x00, 0x00, 0x00, 0x07, 0xFF, 0xFF, 0xFF, 0xFE,
    0xFF, 0x00, 0x00, 0x00, 0x00, 0x07, 0xFF, 0xFF, 0xFF, 0xFF, 0xFF, 0x80,
    0x00, 0x00, 0x00, 0x07, 0xFF, 0xFF, 0xFF, 0xFF, 0xFF, 0x80, 0x00, 0x00,
    0x00, 0x03, 0xFF, 0xFF, 0xFF, 0xFF, 0x0F, 0x80, 0x00, 0x00, 0x00, 0x03,
    0xFF, 0xFF, 0x7F, 0xFE, 0xFF, 0xC0, 0x00, 0x00, 0x00, 0x01, 0xFF, 0x7F,
    0xBF, 0xFF, 0xFF, 0xC0, 0x00, 0x00, 0x00, 0x01, 0xFF, 0xBF, 0xCF, 0xFF,
    0xFF, 0xC0, 0x00, 0x00, 0x00, 0x00, 0xFF, 0x00, 0x03, 0xFF, 0xFF, 0xC0,
    0x00, 0x00, 0x00, 0x00, 0xE0, 0x00, 0x00, 0xFF, 0xFF, 0xC0, 0x00, 0x00,
    0x00, 0x00, 0xE0, 0x00, 0x00, 0x1F, 0xFF, 0xC0, 0x00, 0x00, 0x00, 0x00,
    0xE0, 0x00, 0x00, 0x07, 0xFF, 0xE0, 0x00, 0x00, 0x00, 0x00, 0xE0, 0x00,
    0x00, 0x07, 0xFF, 0xE0, 0x00, 0x00, 0x00, 0x00, 0xE0, 0x00, 0x00, 0x07,
    0xFF, 0xE0, 0x00, 0x00, 0x00, 0x00, 0xE0, 0x00, 0x00, 0x07, 0xFF, 0xF0,
    0x00, 0x00, 0x80, 0x00, 0xF1, 0x03, 0x18, 0x07, 0xFF, 0xF0, 0x00, 0x00,
    0x80, 0x00, 0xFF, 0x83, 0xF8, 0x07, 0xFF, 0xF0, 0x00, 0x00, 0x80, 0x00,
    0xFF, 0x01, 0xF8, 0x07, 0xFF, 0xF8, 0x00, 0x00, 0xC0, 0x00, 0xE4, 0x00,
    0xE0, 0x07, 0xFF, 0xF8, 0x00, 0x00, 0xC0, 0x00, 0xE0, 0x00, 0x00, 0x07,
    0xFF, 0xF8, 0x00, 0x00, 0xC0, 0x00, 0xF0, 0x00, 0x00, 0x07, 0xFF, 0xFC,
    0x00, 0x00, 0xC0, 0x00, 0xF0, 0x00, 0x00, 0x03, 0xFF, 0xFC, 0x00, 0x00,
    0xC0, 0x00, 0xF0, 0x7C, 0x00, 0x07, 0xFF, 0xFC, 0x00, 0x00, 0xE0, 0x00,
    0xF8, 0x7E, 0x00, 0x1F, 0xFF, 0x9C, 0x00, 0x00, 0xE0, 0x19, 0xFC, 0x00,
    0x00, 0x3F, 0xFF, 0x9C, 0x01, 0x00, 0xE0, 0x19, 0xFE, 0x00, 0x00, 0x7F,
    0xFF, 0x9C, 0x03, 0x00, 0xE0, 0x1F, 0xFF, 0x80, 0x00, 0x7F, 0xFF, 0xBC,
    0x03, 0x80, 0xE0, 0x1F, 0xFF, 0xE0, 0x00, 0x7F, 0xFF, 0x3C, 0x03, 0x80,
    0xC0, 0x1F, 0xFF, 0xFF, 0x00, 0x7F, 0xFF, 0x7C, 0x03, 0x80, 0xC0, 0x1F,
    0xFF, 0xFF, 0x80, 0x7F, 0xFF, 0xFC, 0x01, 0x80, 0xC0, 0x0F, 0xFF, 0xFF,
    0x80, 0x3F, 0xFF, 0xF8, 0x01, 0x80, 0x80, 0x0F, 0xFF, 0xFF, 0x80, 0xFF,
    0xFF, 0xF0, 0x00, 0x80, 0x00, 0x07, 0xFF, 0xFF, 0x87, 0xF8, 0x7F, 0xE0,
    0x00, 0x00, 0x00, 0x01, 0xFF, 0xFF, 0xFF, 0xE0, 0x3F, 0x80, 0x00, 0x00,
    0x00, 0x00, 0x07, 0xF1, 0xFC, 0xC0, 0x1E, 0x00, 0x00, 0x00, 0x00, 0x00,
    0x0F, 0xE1, 0xC1, 0x80, 0x0F, 0x00, 0x00, 0x00, 0x00, 0x00, 0x1F, 0xC0,
    0x01, 0x80, 0x0F, 0x00, 0x00, 0x00, 0x00, 0x00, 0x00, 0x00, 0x00, 0x00,
    0x00, 0x00, 0x00, 0x00, 0x00, 0x00, 0x00, 0x00, 0x00, 0x00, 0x00, 0x00,
    0x00, 0x00, 0x00, 0x00, 0x00, 0x00, 0x00, 0x00, 0x00, 0x00, 0x00, 0x00,
    0x00, 0x00, 0x00, 0x00, 0x00, 0x00, 0x00, 0x00, 0x00, 0x00, 0x00, 0x00,
    0x00, 0x00, 0x00, 0x00, 0x00, 0x00, 0x00, 0x00, 0x00, 0x00, 0x00, 0x00,
    0x00, 0x00, 0x00, 0x00, 0x00, 0x00, 0x00, 0x00, 0x00, 0x00, 0x00, 0x00,
    0x00, 0x00, 0x00, 0x00, 0x00, 0x00, 0x00, 0x00, 0x38, 0x00, 0x00, 0x00,
    0x00, 0x00, 0x00, 0x00, 0x00, 0x00, 0x7C, 0x00, 0x00, 0x00, 0x00, 0x00,
    0x00, 0x00, 0x00, 0x00, 0x64, 0x00, 0x00, 0x00, 0x00, 0x00, 0x00, 0x00,
    0x00, 0x00, 0x3C, 0x00, 0x00, 0x00, 0x00, 0x00, 0x00, 0x00, 0x00, 0x00,
    0x7C, 0x00, 0x00, 0x00, 0x00, 0x00, 0x00, 0x00, 0x00, 0x00, 0x44, 0x00,
    0x00, 0x00, 0x00, 0x00, 0x00, 0x00, 0x00, 0x00, 0x7C, 0x00, 0x00, 0x00,
    0x00, 0x00, 0x00, 0x00, 0x00, 0x00, 0x38, 0x00, 0x00, 0x00, 0x00, 0x00,
    0x00, 0x00, 0x00, 0x00, 0x00, 0x00, 0x00, 0x00, 0x00, 0x00, 0x00, 0x00,
    0x00, 0x00, 0x00, 0x00, 0x00, 0x00, 0x00, 0x00, 0x00, 0x00, 0x00, 0x00,
    0x00, 0x00, 0x00, 0x00, 0x00, 0x00, 0x00, 0x00, 0x00, 0x00, 0x00, 0x00,
    0x00, 0x00, 0x00, 0x00
};
static const uint8_t crying_frame_9[] = {
    0x00, 0x00, 0x00, 0x00, 0x00, 0x00, 0x00, 0x00, 0x00, 0x00, 0x00, 0x00,
    0x00, 0x00, 0x00, 0x00, 0x00, 0x00, 0x00, 0x00, 0x00, 0x00, 0x00, 0x00,
    0x00, 0x00, 0x00, 0x00, 0x00, 0x00, 0x00, 0x00, 0x00, 0x00, 0x00, 0x00,
    0x00, 0x00, 0x00, 0x00, 0x00, 0x00, 0x00, 0xFF, 0xE0, 0x00, 0x00, 0x00,
    0x00, 0x00, 0x00, 0x00, 0x07, 0xFF, 0xFC, 0x00, 0x00, 0x00, 0x00, 0x00,
    0x00, 0x00, 0x1F, 0xFF, 0xFF, 0x00, 0x00, 0x00, 0x00, 0x00, 0x00, 0x00,
    0x3C, 0x00, 0x7F, 0x80, 0x00, 0x00, 0x00, 0x00, 0x00, 0x00, 0xFF, 0xF0,
    0x1F, 0xE0, 0x00, 0x00, 0x00, 0x00, 0x00, 0x01, 0xFF, 0xFE, 0x07, 0xF0,
    0x00, 0x00, 0x00, 0x00, 0x00, 0x03, 0xFF, 0xFF, 0x83, 0xF8, 0x00, 0x00,
    0x00, 0x00, 0x00, 0x07, 0xFF, 0xFF, 0xC1, 0xFC, 0x00, 0x00, 0x00, 0x80,
    0x00, 0x0F, 0xFF, 0xFF, 0xE0, 0xFC, 0x00, 0x00, 0x01, 0x80, 0x00, 0x1F,
    0xFF, 0xFF, 0xF0, 0x7E, 0x00, 0x00, 0x03, 0x80, 0x00, 0x3F, 0xFF, 0xFF,
    0xF8, 0x7E, 0x00, 0x00, 0x07, 0x80, 0x00, 0x7F, 0xFF, 0xFF, 0xFC, 0x3F,
    0x00, 0x00, 0x07, 0x80, 0x00, 0x7F, 0xFF, 0xFF, 0xFC, 0x3F, 0x80, 0x00,
    0x0F, 0x80, 0x00, 0xFF, 0xFF, 0xFF, 0xFE, 0x1F, 0x80, 0x00, 0x0F, 0x80,
    0x00, 0xFF, 0xFF, 0xFF, 0xFE, 0x1F, 0x80, 0x00, 0x1F, 0x80, 0x01, 0xFF,
    0xFF, 0xFF, 0xFF, 0x1F, 0xC0, 0x00, 0x1F, 0x80, 0x01, 0xFF, 0xFF, 0xFF,
    0xFF, 0x0F, 0xC0, 0x00, 0x1F, 0x80, 0x01, 0xFF, 0xFF, 0xFF, 0xFF, 0xFF,
    0xC0, 0x00, 0x3F, 0x80, 0x01, 0xFF, 0xFF, 0xFF, 0xFF, 0xFF, 0xC0, 0x00,
    0x3F, 0x80, 0x01, 0xFF, 0xFF, 0xFF, 0xFF, 0xFF, 0xE0, 0x00, 0x3F, 0x80,
    0x01, 0xFF, 0xFF, 0xBF, 0xFF, 0xC3, 0xE0, 0x00, 0x1F, 0x80, 0x00, 0xFF,
    0xFF, 0xDF, 0xFF, 0xBF, 0xE0, 0x00, 0x1F, 0x80, 0x00, 0xFF, 0xDF, 0xEF,
    0xFF, 0xFF, 0xE0, 0x00, 0x0F, 0x80, 0x00, 0x7F, 0xCF, 0xF3, 0xFF, 0xFF,
    0xF0, 0x00, 0x0F, 0x80, 0x00, 0x3F, 0xC0, 0x00, 0xFF, 0xFF, 0xF0, 0x00,
    0x07, 0x80, 0x00, 0x38, 0x00, 0x00, 0x3F, 0xFF, 0xF0, 0x00, 0x07, 0x00,
    0x00, 0x38, 0x00, 0x00, 0x07, 0xFF, 0xF0, 0x00, 0x07, 0x00, 0x00, 0x38,
    0x00, 0x00, 0x03, 0xFF, 0xF0, 0x00, 0x07, 0x00, 0x00, 0x38, 0x00, 0x00,
    0x03, 0xFF, 0xF8, 0x00, 0x03, 0x00, 0x00, 0x38, 0x00, 0x00, 0x03, 0xFF,
    0xF8, 0x00, 0x03, 0x00, 0x00, 0x30, 0x00, 0x00, 0x03, 0xFF, 0xF8, 0x00,
    0x03, 0x00, 0x00, 0x3C, 0x40, 0xC4, 0x03, 0xFF, 0xFC, 0x00, 0x03, 0x80,
    0x00, 0x3F, 0xC0, 0xFE, 0x03, 0xFF, 0xFC, 0x00, 0x03, 0x80, 0x00, 0x3F,
    0xC0, 0xFC, 0x03, 0xFF, 0xFC, 0x00, 0x03, 0x80, 0x00, 0x39, 0x00, 0x38,
    0x01, 0xFF, 0xFE, 0x00, 0x07, 0x00, 0x00, 0x38, 0x00, 0x00, 0x01, 0xFF,
    0xFE, 0x00, 0x07, 0x00, 0x00, 0x38, 0x00, 0x00, 0x01, 0xFF, 0xFE, 0x00,
    0x07, 0x80, 0x00, 0x38, 0x00, 0x00, 0x01, 0xFF, 0xEE, 0x00, 0x07, 0x80,
    0x00, 0x7C, 0x1F, 0x00, 0x03, 0xFF, 0xEF, 0x00, 0x07, 0x80, 0x00, 0x7E,
    0x1F, 0x80, 0x07, 0xFF, 0xEF, 0x00, 0x07, 0x80, 0x04, 0x7F, 0x01, 0x00,
    0x0F, 0xFF, 0xEF, 0x00, 0xC7, 0x80, 0x0C, 0x7F, 0x80, 0x00, 0x1F, 0xFF,
    0xEF, 0x00, 0xCF, 0x80, 0x0F, 0xFF, 0xC0, 0x00, 0x3F, 0xFF, 0xCF, 0x00,
    0xFF, 0x80, 0x0F, 0xFF, 0xF0, 0x00, 0x3F, 0xFF, 0xDF, 0x00, 0xFF, 0x80,
    0x0F, 0xFF, 0xFF, 0xC0, 0x3F, 0xFF, 0xFE, 0x00, 0xFF, 0x80, 0x07, 0xFF,
    0xFF, 0xE0, 0x1F, 0xFF, 0xFE, 0x00, 0xFF, 0x80, 0x07, 0xFF, 0xFF, 0xE0,
    0x1F, 0xFF, 0xFE, 0x00, 0x7F, 0x80, 0x03, 0xFF, 0xFF, 0xE0, 0x3F, 0xFF,
    0xFC, 0x00, 0x7F, 0x80, 0x01, 0xFF, 0xFF, 0xE1, 0xFC, 0x1F, 0xF8, 0x00,
    0x3F, 0x80, 0x00, 0xFF, 0xFF, 0xFF, 0xF8, 0x0F, 0xE0, 0x00, 0x0F, 0x80,
    0x00, 0x03, 0xFC, 0xFE, 0x70, 0x07, 0x80, 0x00, 0x00, 0x00, 0x00, 0x07,
    0xF0, 0xF0, 0x60, 0x07, 0xC0, 0x00, 0x00, 0x00, 0x00, 0x07, 0xF0, 0x00,
    0x40, 0x03, 0xC0, 0x00, 0x00, 0x00, 0x00, 0x00, 0x00, 0x00, 0x00, 0x00,
    0x00, 0x00, 0x00, 0x00, 0x00, 0x00, 0x00, 0x00, 0x00, 0x00, 0x00, 0x00,
    0x00, 0x00, 0x00, 0x00, 0x00, 0x00, 0x00, 0x00, 0x00, 0x00, 0x00, 0x00,
    0x00, 0x00, 0x00, 0x00, 0x00, 0x00, 0x00, 0x00, 0x00, 0x00, 0x00, 0x00,
    0x00, 0x00, 0x00, 0x00, 0x00, 0x00, 0x00, 0x00, 0x00, 0x00, 0x00, 0x00,
    0x00, 0x00, 0x00, 0x00, 0x00, 0x00, 0x00, 0x00, 0x00, 0x00, 0x00, 0x00,
    0x00, 0x00, 0x00, 0x00, 0x00, 0x00, 0x00, 0x0C, 0x00, 0x00, 0x00, 0x00,
    0x00, 0x00, 0x00, 0x00, 0x00, 0x1E, 0x00, 0x00, 0x00, 0x00, 0x00, 0x00,
    0x00, 0x00, 0x00, 0x33, 0x00, 0x00, 0x00, 0x00, 0x00, 0x00, 0x00, 0x00,
    0x00, 0x13, 0x00, 0x00, 0x00, 0x00, 0x00, 0x00, 0x00, 0x00, 0x00, 0x1F,
    0x00, 0x00, 0x00, 0x00, 0x00, 0x00, 0x00, 0x00, 0x00, 0x03, 0x00, 0x00,
    0x00, 0x00, 0x00, 0x00, 0x00, 0x00, 0x00, 0x1E, 0x00, 0x00, 0x00, 0x00,
    0x00, 0x00, 0x00, 0x00, 0x00, 0x0C, 0x00, 0x00, 0x00, 0x00, 0x00, 0x00,
    0x00, 0x00, 0x00, 0x00, 0x00, 0x00, 0x00, 0x00, 0x00, 0x00, 0x00, 0x00,
    0x00, 0x00, 0x00, 0x00, 0x00, 0x00, 0x00, 0x00, 0x00, 0x00, 0x00, 0x00,
    0x00, 0x00, 0x00, 0x00, 0x00, 0x00, 0x00, 0x00, 0x00, 0x00, 0x00, 0x00,
    0x00, 0x00, 0x00, 0x00
};
static const uint8_t crying_frame_10[] = {
    0x00, 0x00, 0x00, 0x00, 0x00, 0x00, 0x00, 0x00, 0x00, 0x00, 0x00, 0x00,
    0x00, 0x00, 0x00, 0x00, 0x00, 0x00, 0x00, 0x00, 0x00, 0x00, 0x00, 0x00,
    0x00, 0x00, 0x00, 0x00, 0x00, 0x00, 0x00, 0x00, 0x00, 0x00, 0x00, 0x00,
    0x00, 0x00, 0x00, 0x00, 0x00, 0x00, 0x00, 0x0F, 0xFE, 0x00, 0x00, 0x00,
    0x00, 0x00, 0x00, 0x00, 0x00, 0x3F, 0xFF, 0xC0, 0x00, 0x00, 0x00, 0x00,
    0x00, 0x00, 0x01, 0xFF, 0xFF, 0xF0, 0x00, 0x00, 0x00, 0x00, 0x00, 0x00,
    0x03, 0xC0, 0x07, 0xFC, 0x00, 0x00, 0x00, 0x00, 0x00, 0x00, 0x0F, 0xFF,
    0x01, 0xFE, 0x00, 0x00, 0x00, 0x00, 0x00, 0x00, 0x1F, 0xFF, 0xE0, 0x7F,
    0x00, 0x00, 0x00, 0x00, 0x00, 0x00, 0x3F, 0xFF, 0xF8, 0x3F, 0x80, 0x00,
    0x00, 0x00, 0x00, 0x00, 0x7F, 0xFF, 0xFC, 0x1F, 0xC0, 0x00, 0x00, 0x00,
    0x00, 0x00, 0xFF, 0xFF, 0xFE, 0x0F, 0xC0, 0x00, 0x00, 0x00, 0x00, 0x01,
    0xFF, 0xFF, 0xFF, 0x07, 0xE0, 0x00, 0x00, 0x00, 0x00, 0x03, 0xFF, 0xFF,
    0xFF, 0x87, 0xF0, 0x00, 0x00, 0x00, 0x00, 0x07, 0xFF, 0xFF, 0xFF, 0xC3,
    0xF0, 0x00, 0x00, 0x00, 0x00, 0x07, 0xFF, 0xFF, 0xFF, 0xC1, 0xF8, 0x00,
    0x00, 0x00, 0x00, 0x0F, 0xFF, 0xFF, 0xFF, 0xE1, 0xF8, 0x00, 0x00, 0x00,
    0x00, 0x0F, 0xFF, 0xFF, 0xFF, 0xE1, 0xF8, 0x00, 0x00, 0x00, 0x00, 0x1F,
    0xFF, 0xFF, 0xFF, 0xF1, 0xFC, 0x00, 0x00, 0x00, 0x00, 0x1F, 0xFF, 0xFF,
    0xFF, 0xF1, 0xFC, 0x00, 0x00, 0x00, 0x00, 0x1F, 0xFF, 0xFF, 0xFF, 0xFF,
    0xFC, 0x00, 0x00, 0x00, 0x00, 0x1F, 0xFF, 0xFF, 0xFF, 0xFF, 0xFE, 0x00,
    0x00, 0x00, 0x00, 0x1F, 0xFF, 0xFF, 0xFF, 0xFF, 0xFE, 0x00, 0x00, 0x00,
    0x00, 0x1F, 0xFF, 0xFB, 0xFF, 0xFC, 0x3E, 0x00, 0x00, 0x00, 0x00, 0x0F,
    0xFF, 0xFD, 0xFF, 0xFB, 0xFE, 0x00, 0x00, 0x00, 0x00, 0x0F, 0xFD, 0xFE,
    0xFF, 0xFF, 0xFF, 0x00, 0x00, 0x00, 0x00, 0x07, 0xFC, 0xFF, 0x3F, 0xFF,
    0xFF, 0x00, 0x00, 0x00, 0x00, 0x03, 0xFC, 0x00, 0x0F, 0xFF, 0xFF, 0x00,
    0x00, 0x00, 0x00, 0x03, 0x80, 0x00, 0x03, 0xFF, 0xFF, 0x00, 0x00, 0x00,
    0x00, 0x03, 0x80, 0x00, 0x00, 0x7F, 0xFF, 0x00, 0x00, 0x00, 0x00, 0x03,
    0x80, 0x00, 0x00, 0x1F, 0xFF, 0x80, 0x00, 0x00, 0x00, 0x03, 0x80, 0x00,
    0x00, 0x1F, 0xFF, 0x80, 0x00, 0x00, 0x00, 0x03, 0x80, 0x00, 0x00, 0x1F,
    0xFF, 0x80, 0x00, 0x00, 0x00, 0x03, 0x80, 0x00, 0x00, 0x1F, 0xFF, 0xC0,
    0x00, 0x00, 0x00, 0x03, 0xC4, 0x0C, 0x60, 0x1F, 0xFF, 0xC0, 0x00, 0x00,
    0x00, 0x03, 0xFE, 0x0F, 0xE0, 0x1F, 0xFF, 0xC0, 0x00, 0x00, 0x00, 0x03,
    0xFC, 0x07, 0xE0, 0x1F, 0xFF, 0xE0, 0x00, 0x00, 0x00, 0x03, 0x90, 0x03,
    0x80, 0x1F, 0xFF, 0xE0, 0x00, 0x00, 0x00, 0x03, 0x80, 0x00, 0x00, 0x1F,
    0xFF, 0xE0, 0x00, 0x00, 0x00, 0x03, 0x80, 0x00, 0x00, 0x1F, 0xFF, 0xE0,
    0x00, 0x00, 0x00, 0x03, 0xC0, 0x00, 0x00, 0x1F, 0xFE, 0xF0, 0x00, 0x00,
    0x00, 0x03, 0xC1, 0xF0, 0x00, 0x3F, 0xFE, 0xF0, 0x00, 0x00, 0x00, 0x07,
    0xE1, 0xB8, 0x00, 0x7F, 0xFE, 0xF0, 0x00, 0x00, 0x00, 0x47, 0xF0, 0x00,
    0x00, 0xFF, 0xFE, 0xF0, 0x00, 0x00, 0x00, 0x67, 0xF8, 0x00, 0x01, 0xFF,
    0xFE, 0xF0, 0x00, 0x00, 0x00, 0xFF, 0xFC, 0x00, 0x03, 0xFF, 0xFC, 0xF0,
    0x00, 0x00, 0x00, 0xFF, 0xFF, 0x00, 0x03, 0xFF, 0xFC, 0xF0, 0x00, 0x00,
    0x00, 0xFF, 0xFF, 0xFC, 0x03, 0xFF, 0xFF, 0xF0, 0x00, 0x00, 0x00, 0x7F,
    0xFF, 0xFE, 0x01, 0xFF, 0xFF, 0xE0, 0x00, 0x00, 0x00, 0x7F, 0xFF, 0xFE,
    0x01, 0xFF, 0xFF, 0xE0, 0x00, 0x00, 0x00, 0x3F, 0xFF, 0xFE, 0x03, 0xFF,
    0xFF, 0xC0, 0x00, 0x00, 0x00, 0x1F, 0xFF, 0xFC, 0x1F, 0xC1, 0xFF, 0x80,
    0x00, 0x00, 0x00, 0x0F, 0xFF, 0xFF, 0xFF, 0x80, 0xFE, 0x00, 0x00, 0x00,
    0x00, 0x00, 0x3F, 0xCF, 0xE7, 0x00, 0x78, 0x00, 0x00, 0x00, 0x00, 0x00,
    0x3F, 0x8E, 0x06, 0x00, 0x7C, 0x00, 0x00, 0x00, 0x00, 0x00, 0x7F, 0x00,
    0x04, 0x00, 0x3C, 0x00, 0x00, 0x00, 0x00, 0x00, 0x00, 0x00, 0x00, 0x00,
    0x00, 0x00, 0x00, 0x00, 0x00, 0x00, 0x00, 0x00, 0x00, 0x00, 0x00, 0x00,
    0x00, 0x00, 0x00, 0x00, 0x00, 0x00, 0x00, 0x00, 0x00, 0x00, 0x00, 0x00,
    0x00, 0x00, 0x00, 0x00, 0x00, 0x00, 0x00, 0x00, 0x00, 0x00, 0x00, 0x00,
    0x00, 0x00, 0x00, 0x00, 0x00, 0x00, 0x00, 0x00, 0x00, 0x00, 0x00, 0x00,
    0x00, 0x00, 0x00, 0x00, 0x00, 0x00, 0x00, 0x00, 0x00, 0x00, 0x00, 0x00,
    0x00, 0x00, 0x00, 0x00, 0x00, 0x00, 0x00, 0x06, 0x1C, 0x00, 0x00, 0x00,
    0x00, 0x00, 0x00, 0x00, 0x00, 0x07, 0x3E, 0x00, 0x00, 0x00, 0x00, 0x00,
    0x00, 0x00, 0x00, 0x03, 0x32, 0x00, 0x00, 0x00, 0x00, 0x00, 0x00, 0x00,
    0x00, 0x03, 0x23, 0x00, 0x00, 0x00, 0x00, 0x00, 0x00, 0x00, 0x00, 0x03,
    0x23, 0x00, 0x00, 0x00, 0x00, 0x00, 0x00, 0x00, 0x00, 0x03, 0x32, 0x00,
    0x00, 0x00, 0x00, 0x00, 0x00, 0x00, 0x00, 0x03, 0x3E, 0x00, 0x00, 0x00,
    0x00, 0x00, 0x00, 0x00, 0x00, 0x02, 0x1C, 0x00, 0x00, 0x00, 0x00, 0x00,
    0x00, 0x00, 0x00, 0x00, 0x00, 0x00, 0x00, 0x00, 0x00, 0x00, 0x00, 0x00,
    0x00, 0x00, 0x00, 0x00, 0x00, 0x00, 0x00, 0x00, 0x00, 0x00, 0x00, 0x00,
    0x00, 0x00, 0x00, 0x00, 0x00, 0x00, 0x00, 0x00, 0x00, 0x00, 0x00, 0x00,
    0x00, 0x00, 0x00, 0x00
};
static const Frame crying_frames[] = {
    Frame{73, 76, crying_frame_1},
    Frame{73, 76, crying_frame_2},
    Frame{73, 76, crying_frame_3},
    Frame{73, 76, crying_frame_4},
    Frame{73, 76, crying_frame_5},
    Frame{73, 76, crying_frame_6},
    Frame{73, 76, crying_frame_7},
    Frame{73, 76, crying_frame_8},
    Frame{73, 76, crying_frame_9},
    Frame{73, 76, crying_frame_10},
};

static const uint8_t angry_frame_1[] = {
    0x00, 0x00, 0x00, 0x00, 0x00, 0x00, 0x00, 0x00, 0x00, 0x00, 0x00, 0x00,
    0x00, 0x00, 0x00, 0x00, 0x00, 0x00, 0x00, 0x00, 0x00, 0x00, 0x00, 0x00,
    0x00, 0x00, 0x00, 0x00, 0x00, 0x00, 0x00, 0x00, 0x00, 0x00, 0x00, 0x00,
    0x00, 0x00, 0x00, 0x00, 0x00, 0x00, 0x00, 0x00, 0x00, 0x00, 0x00, 0x00,
    0x00, 0x1F, 0x00, 0x00, 0x00, 0x00, 0x00, 0x00, 0x00, 0x03, 0xFF, 0xF0,
    0x00, 0x00, 0x00, 0x00, 0x00, 0x00, 0x0F, 0xFF, 0xFC, 0x00, 0x00, 0x00,
    0x00, 0x00, 0x00, 0x3C, 0x01, 0xFF, 0x00, 0x00, 0x00, 0x00, 0x00, 0x00,
    0xF3, 0xC0, 0x3F, 0xC0, 0x00, 0x00, 0x00, 0x00, 0x01, 0xFF, 0xFC, 0x0F,
    0xE0, 0x00, 0x00, 0x00, 0x00, 0x07, 0xFF, 0xFF, 0x07, 0xF0, 0x00, 0x00,
    0x00, 0x00, 0x0F, 0xFF, 0xFF, 0x83, 0xF8, 0x00, 0x00, 0x00, 0x00, 0x1F,
    0xFF, 0xFF, 0xC1, 0xF8, 0x00, 0x00, 0x00, 0x00, 0x3F, 0xFF, 0xFF, 0xE0,
    0xFC, 0x00, 0x00, 0x00, 0x00, 0x3F, 0xFF, 0xFF, 0xF0, 0x7E, 0x00, 0x00,
    0x00, 0x00, 0x7F, 0xFF, 0xFF, 0xF8, 0x7E, 0x00, 0x00, 0x00, 0x00, 0xFF,
    0xFF, 0xFF, 0xFC, 0x3F, 0x00, 0x00, 0x00, 0x00, 0xFF, 0xFF, 0xFF, 0xFC,
    0x3F, 0x00, 0x00, 0x00, 0x01, 0xFF, 0xFF, 0xFF, 0xFE, 0x3F, 0x00, 0x00,
    0x00, 0x01, 0xFF, 0xFF, 0xFF, 0xFE, 0x1F, 0x80, 0x00, 0x00, 0x01, 0xFF,
    0xFF, 0xFF, 0xFF, 0x1F, 0x80, 0x00, 0x00, 0x03, 0xFF, 0xFF, 0xFF, 0xFF,
    0x1F, 0x80, 0x00, 0x00, 0x03, 0xFF, 0xFF, 0xFF, 0xFF, 0xFF, 0xC0, 0x00,
    0x00, 0x01, 0xFF, 0xFF, 0xFF, 0xFF, 0xFF, 0xC0, 0x00, 0x00, 0x01, 0xFF,
    0xFF, 0x7F, 0xFF, 0xCF, 0xC0, 0x00, 0x00, 0x01, 0xFF, 0xFF, 0xBF, 0xFF,
    0xBF, 0xC0, 0x00, 0x00, 0x00, 0xFF, 0xBF, 0xDF, 0xFF, 0x7F, 0xE0, 0x00,
    0x00, 0x00, 0xFF, 0xDF, 0xEF, 0xFF, 0xFF, 0xE0, 0x00, 0x00, 0x00, 0x7F,
    0x07, 0x83, 0xFF, 0xFF, 0xE0, 0x00, 0x00, 0x00, 0x78, 0x00, 0x06, 0xFF,
    0xFF, 0xE0, 0x00, 0x00, 0x00, 0x7C, 0x00, 0x1E, 0x1F, 0xFF, 0xE0, 0x00,
    0x00, 0x00, 0x37, 0x00, 0x78, 0x03, 0xFF, 0xF0, 0x00, 0x00, 0x00, 0x3F,
    0x81, 0xDC, 0x03, 0xFF, 0xF0, 0x00, 0x00, 0x00, 0x3D, 0xC1, 0xCE, 0x03,
    0xFF, 0xF0, 0x00, 0x00, 0x00, 0x3F, 0x80, 0xDE, 0x03, 0xFF, 0xF0, 0x00,
    0x00, 0x00, 0x3F, 0x80, 0xFE, 0x07, 0xFF, 0xF8, 0x00, 0x00, 0x00, 0x3F,
    0x80, 0xFE, 0x07, 0xFF, 0xF8, 0x00, 0x00, 0x00, 0x3F, 0x80, 0xFC, 0x07,
    0xFF, 0xFC, 0x00, 0x00, 0x00, 0x37, 0x00, 0x78, 0x07, 0xFF, 0xFC, 0x00,
    0x00, 0x00, 0x30, 0x00, 0x30, 0x0F, 0xFF, 0xFC, 0x00, 0x00, 0x00, 0x70,
    0x00, 0x00, 0x0F, 0xFF, 0xFC, 0x00, 0x00, 0x00, 0x78, 0x00, 0x00, 0x0F,
    0xFF, 0xFE, 0x00, 0x00, 0x00, 0x78, 0x1C, 0x00, 0x0D, 0xFF, 0xFE, 0x00,
    0x00, 0x00, 0x7C, 0x3F, 0x00, 0x0F, 0xFF, 0xFE, 0x00, 0x00, 0x00, 0x7C,
    0x23, 0x00, 0x0F, 0xFF, 0xCE, 0x00, 0x00, 0x0C, 0x7E, 0x00, 0x00, 0x1F,
    0xFF, 0xCE, 0x01, 0x00, 0x0C, 0xFF, 0x00, 0x00, 0x3F, 0xFF, 0xDE, 0x01,
    0x00, 0x0F, 0xFF, 0xC0, 0x00, 0x3F, 0xFF, 0xDE, 0x01, 0x00, 0x0F, 0xFF,
    0xF0, 0x00, 0x3F, 0xFF, 0x9E, 0x01, 0x00, 0x0F, 0xFF, 0xFF, 0x80, 0x3F,
    0xFF, 0xFE, 0x01, 0x00, 0x0F, 0xFF, 0xFF, 0xC0, 0x3F, 0xFF, 0xFC, 0x01,
    0x00, 0x07, 0xFF, 0xFF, 0xC0, 0x1F, 0xFF, 0xFC, 0x00, 0x00, 0x07, 0xFF,
    0xFF, 0xC0, 0x7F, 0xFF, 0xF8, 0x00, 0x00, 0x03, 0xFF, 0xFF, 0xC3, 0xFC,
    0x3F, 0xF0, 0x00, 0x00, 0x00, 0xFF, 0xFF, 0xFF, 0xF0, 0x1F, 0xC0, 0x00,
    0x00, 0x00, 0x03, 0xF8, 0xFE, 0x60, 0x0F, 0x00, 0x00, 0x00, 0x00, 0x07,
    0xF0, 0xE0, 0xC0, 0x07, 0x80, 0x00, 0x00, 0x00, 0x0F, 0xE0, 0x00, 0xC0,
    0x07, 0x80, 0x00, 0x00, 0x00, 0x00, 0x00, 0x00, 0x00, 0x00, 0x00, 0x00,
    0x00, 0x00, 0x00, 0x00, 0x00, 0x00, 0x00, 0x00, 0x00, 0x00, 0x00, 0x00,
    0x00, 0x00, 0x00, 0x00, 0x00, 0x00, 0x00, 0x00, 0x00, 0x00, 0x00, 0x00,
    0x00, 0x00, 0x00, 0x00, 0x00, 0x00, 0x00, 0x00, 0x00, 0x00, 0x00, 0x00,
    0x00, 0x00, 0x00, 0x00, 0x00, 0x00, 0x00, 0x00, 0x00, 0x00, 0x00, 0x00,
    0x00, 0x00, 0x00, 0x00, 0x00, 0x00, 0x00, 0x00, 0x00, 0x00, 0x1C, 0x00,
    0x00, 0x00, 0x00, 0x00, 0x00, 0x00, 0x00, 0x0C, 0x00, 0x00, 0x00, 0x00,
    0x00, 0x00, 0x00, 0x00, 0x0C, 0x00, 0x00, 0x00, 0x00, 0x00, 0x00, 0x00,
    0x00, 0x0C, 0x00, 0x00, 0x00, 0x00, 0x00, 0x00, 0x00, 0x00, 0x0C, 0x00,
    0x00, 0x00, 0x00, 0x00, 0x00, 0x00, 0x00, 0x0C, 0x00, 0x00, 0x00, 0x00,
    0x00, 0x00, 0x00, 0x00, 0x0C, 0x00, 0x00, 0x00, 0x00, 0x00, 0x00, 0x00,
    0x00, 0x00, 0x00, 0x00, 0x00, 0x00, 0x00, 0x00, 0x00, 0x00, 0x00, 0x00,
    0x00, 0x00, 0x00, 0x00, 0x00, 0x00, 0x00, 0x00, 0x00, 0x00, 0x00, 0x00
};
static const uint8_t angry_frame_2[] = {
    0x00, 0x00, 0x00, 0x00, 0x00, 0x00, 0x00, 0x00, 0x00, 0x00, 0x00, 0x00,
    0x00, 0x00, 0x00, 0x00, 0x00, 0x00, 0x00, 0x00, 0x00, 0x00, 0x00, 0x00,
    0x00, 0x00, 0x00, 0x00, 0x00, 0x00, 0x00, 0x00, 0x00, 0x00, 0x00, 0x00,
    0x00, 0x00, 0x00, 0x00, 0x00, 0x00, 0x00, 0x00, 0x00, 0x00, 0x00, 0x00,
    0x00, 0x01, 0xF0, 0x00, 0x00, 0x00, 0x00, 0x00, 0x00, 0x00, 0x3F, 0xFF,
    0x00, 0x00, 0x00, 0x00, 0x00, 0x00, 0x00, 0xFF, 0xFF, 0xE0, 0x00, 0x00,
    0x00, 0x00, 0x00, 0x03, 0xE0, 0x1F, 0xF0, 0x00, 0x00, 0x00, 0x00, 0x00,
    0x0F, 0x1C, 0x03, 0xFC, 0x00, 0x00, 0x00, 0x00, 0x00, 0x1F, 0xFF, 0xC0,
    0xFE, 0x00, 0x00, 0x00, 0x00, 0x00, 0x3F, 0xFF, 0xF0, 0x7F, 0x00, 0x00,
    0x00, 0x00, 0x00, 0xFF, 0xFF, 0xF8, 0x3F, 0x80, 0x00, 0x00, 0x00, 0x01,
    0xFF, 0xFF, 0xFC, 0x1F, 0x80, 0x00, 0x00, 0x00, 0x01, 0xFF, 0xFF, 0xFE,
    0x0F, 0xC0, 0x00, 0x00, 0x00, 0x03, 0xFF, 0xFF, 0xFF, 0x07, 0xE0, 0x00,
    0x80, 0x00, 0x07, 0xFF, 0xFF, 0xFF, 0x87, 0xE0, 0x00, 0x80, 0x00, 0x0F,
    0xFF, 0xFF, 0xFF, 0xC3, 0xF0, 0x00, 0xC0, 0x00, 0x0F, 0xFF, 0xFF, 0xFF,
    0xC3, 0xF0, 0x00, 0xC0, 0x00, 0x1F, 0xFF, 0xFF, 0xFF, 0xE3, 0xF8, 0x00,
    0xC0, 0x00, 0x1F, 0xFF, 0xFF, 0xFF, 0xE1, 0xF8, 0x00, 0xE0, 0x00, 0x1F,
    0xFF, 0xFF, 0xFF, 0xE1, 0xF8, 0x00, 0xE0, 0x00, 0x1F, 0xFF, 0xFF, 0xFF,
    0xF1, 0xF8, 0x00, 0xE0, 0x00, 0x1F, 0xFF, 0xFF, 0xFF, 0xFF, 0xFC, 0x00,
    0xE0, 0x00, 0x1F, 0xFF, 0xFF, 0xFF, 0xFF, 0xFC, 0x00, 0xF0, 0x00, 0x1F,
    0xFF, 0xF7, 0xFF, 0xFC, 0xFC, 0x00, 0xF0, 0x00, 0x1F, 0xFF, 0xFB, 0xFF,
    0xFB, 0xFC, 0x00, 0xF0, 0x00, 0x0F, 0xFF, 0xFD, 0xFF, 0xFF, 0xFE, 0x00,
    0xF0, 0x00, 0x0F, 0xFD, 0xFE, 0x7F, 0xFF, 0xFE, 0x00, 0xF0, 0x00, 0x07,
    0xF0, 0x7E, 0x3F, 0xFF, 0xFE, 0x00, 0xF8, 0x00, 0x03, 0x80, 0x00, 0x67,
    0xFF, 0xFE, 0x00, 0xF8, 0x00, 0x03, 0xC0, 0x01, 0xE1, 0xFF, 0xFE, 0x00,
    0xF8, 0x00, 0x03, 0x70, 0x07, 0x80, 0x3F, 0xFF, 0x00, 0xF8, 0x00, 0x03,
    0xD8, 0x1E, 0xC0, 0x3F, 0xFF, 0x00, 0xF8, 0x00, 0x03, 0xDC, 0x1C, 0xE0,
    0x3F, 0xFF, 0x00, 0xFC, 0x00, 0x03, 0xF8, 0x0F, 0xE0, 0x3F, 0xFF, 0x00,
    0xFC, 0x00, 0x03, 0xF8, 0x0F, 0xE0, 0x7F, 0xFF, 0x80, 0xFE, 0x00, 0x03,
    0xF8, 0x0F, 0xE0, 0x7F, 0xFF, 0x80, 0xFE, 0x00, 0x03, 0xF8, 0x0F, 0xC0,
    0x7F, 0xFF, 0xC0, 0xFE, 0x00, 0x03, 0x70, 0x07, 0xC0, 0x7F, 0xFF, 0xC0,
    0xFF, 0x00, 0x03, 0x00, 0x01, 0x00, 0x7F, 0xFF, 0xC0, 0xFF, 0x00, 0x03,
    0x80, 0x00, 0x00, 0xFF, 0xFF, 0xC0, 0xFF, 0x00, 0x07, 0x80, 0x00, 0x00,
    0xFF, 0xFF, 0xE0, 0xF7, 0x00, 0x07, 0x80, 0xC0, 0x00, 0xDF, 0xFF, 0xE0,
    0xF7, 0x00, 0x07, 0xC3, 0xF0, 0x00, 0xFF, 0xFE, 0xE0, 0xF7, 0x00, 0x07,
    0xC3, 0x18, 0x00, 0xFF, 0xFC, 0xE0, 0xF7, 0x80, 0xC7, 0xE0, 0x00, 0x01,
    0xFF, 0xFC, 0xE0, 0xE7, 0x80, 0xCF, 0xF0, 0x00, 0x03, 0xFF, 0xFC, 0xE0,
    0xE7, 0x00, 0xFF, 0xFC, 0x00, 0x03, 0xFF, 0xFD, 0xE0, 0xEF, 0x00, 0xFF,
    0xFF, 0x00, 0x03, 0xFF, 0xF9, 0xE0, 0xDF, 0x00, 0xFF, 0xFF, 0xF8, 0x03,
    0xFF, 0xFF, 0xE0, 0xFF, 0x00, 0xFF, 0xFF, 0xFC, 0x03, 0xFF, 0xFF, 0xE0,
    0xFE, 0x00, 0x7F, 0xFF, 0xFC, 0x01, 0xFF, 0xFF, 0xC0, 0xFE, 0x00, 0x3F,
    0xFF, 0xFC, 0x07, 0xFF, 0xFF, 0x80, 0xFC, 0x00, 0x3F, 0xFF, 0xFC, 0x3F,
    0xC3, 0xFF, 0x00, 0xE0, 0x00, 0x0F, 0xFF, 0xFD, 0xFF, 0x01, 0xFC, 0x00,
    0xC0, 0x00, 0x00, 0x3F, 0x8F, 0xE6, 0x00, 0xF0, 0x00, 0xC0, 0x00, 0x00,
    0x7F, 0x0E, 0x0C, 0x00, 0x78, 0x00, 0xC0, 0x00, 0x00, 0x7E, 0x00, 0x0C,
    0x00, 0x78, 0x00, 0x00, 0x00, 0x00, 0x00, 0x00, 0x00, 0x00, 0x00, 0x00,
    0x00, 0x00, 0x00, 0x00, 0x00, 0x00, 0x00, 0x00, 0x00, 0x00, 0x00, 0x00,
    0x00, 0x00, 0x00, 0x00, 0x00, 0x00, 0x00, 0x00, 0x00, 0x00, 0x00, 0x00,
    0x00, 0x00, 0x00, 0x00, 0x00, 0x00, 0x00, 0x00, 0x00, 0x00, 0x00, 0x00,
    0x00, 0x00, 0x00, 0x00, 0x00, 0x00, 0x00, 0x00, 0x00, 0x00, 0x00, 0x00,
    0x00, 0x00, 0x00, 0x00, 0x00, 0x00, 0x00, 0x00, 0x00, 0x00, 0x01, 0xE0,
    0x00, 0x00, 0x00, 0x00, 0x00, 0x00, 0x00, 0x03, 0x20, 0x00, 0x00, 0x00,
    0x00, 0x00, 0x00, 0x00, 0x00, 0x60, 0x00, 0x00, 0x00, 0x00, 0x00, 0x00,
    0x00, 0x00, 0xC0, 0x00, 0x00, 0x00, 0x00, 0x00, 0x00, 0x00, 0x01, 0x80,
    0x00, 0x00, 0x00, 0x00, 0x00, 0x00, 0x00, 0x03, 0x00, 0x00, 0x00, 0x00,
    0x00, 0x00, 0x00, 0x00, 0x03, 0xE0, 0x00, 0x00, 0x00, 0x00, 0x00, 0x00,
    0x00, 0x00, 0x00, 0x00, 0x00, 0x00, 0x00, 0x00, 0x00, 0x00, 0x00, 0x00,
    0x00, 0x00, 0x00, 0x00, 0x00, 0x00, 0x00, 0x00, 0x00, 0x00, 0x00, 0x00
};
static const uint8_t angry_frame_3[] = {
    0x00, 0x00, 0x00, 0x00, 0x00, 0x00, 0x00, 0x00, 0x00, 0x00, 0x00, 0x00,
    0x00, 0x00, 0x00, 0x00, 0x00, 0x00, 0x00, 0x00, 0x00, 0x00, 0x00, 0x00,
    0x00, 0x00, 0x00, 0x00, 0x00, 0x00, 0x00, 0x00, 0x00, 0x00, 0x00, 0x00,
    0x00, 0x00, 0x00, 0x00, 0x00, 0x00, 0x00, 0x00, 0x00, 0x00, 0x00, 0x00,
    0x00, 0x7C, 0x00, 0x00, 0x00, 0x00, 0x00, 0x00, 0x00, 0x0F, 0xFF, 0xE0,
    0x00, 0x00, 0x00, 0x00, 0x00, 0x00, 0x3F, 0xFF, 0xF8, 0x00, 0x00, 0x00,
    0x00, 0x00, 0x00, 0xF8, 0x03, 0xFE, 0x00, 0x00, 0x00, 0x00, 0x00, 0x01,
    0xCF, 0x00, 0xFF, 0x00, 0x00, 0x00, 0x00, 0x00, 0x07, 0xFF, 0xF0, 0x3F,
    0x80, 0x00, 0x00, 0x00, 0x00, 0x0F, 0xFF, 0xFC, 0x1F, 0xC0, 0x00, 0x00,
    0x00, 0x00, 0x1F, 0xFF, 0xFE, 0x07, 0xE0, 0x00, 0x00, 0x00, 0x00, 0x3F,
    0xFF, 0xFF, 0x83, 0xF0, 0x00, 0x00, 0x00, 0x00, 0x7F, 0xFF, 0xFF, 0xC3,
    0xF0, 0x00, 0x00, 0x00, 0x00, 0xFF, 0xFF, 0xFF, 0xE1, 0xF8, 0x00, 0x00,
    0x00, 0x01, 0xFF, 0xFF, 0xFF, 0xE0, 0xFC, 0x00, 0x00, 0x00, 0x01, 0xFF,
    0xFF, 0xFF, 0xF0, 0xFC, 0x00, 0x00, 0x00, 0x03, 0xFF, 0xFF, 0xFF, 0xF0,
    0xFC, 0x00, 0x00, 0x00, 0x03, 0xFF, 0xFF, 0xFF, 0xF8, 0x7E, 0x00, 0x00,
    0x00, 0x07, 0xFF, 0xFF, 0xFF, 0xF8, 0x7E, 0x00, 0x00, 0x00, 0x07, 0xFF,
    0xFF, 0xFF, 0xFC, 0x7E, 0x00, 0x01, 0x00, 0x07, 0xFF, 0xFF, 0xFF, 0xFC,
    0x7F, 0x00, 0x01, 0x00, 0x07, 0xFF, 0xFF, 0xFF, 0xFF, 0xFF, 0x00, 0x01,
    0x00, 0x07, 0xFF, 0xFF, 0xFF, 0xFF, 0xFF, 0x00, 0x01, 0x00, 0x07, 0xFF,
    0xFF, 0xFF, 0xFF, 0x1F, 0x00, 0x01, 0x00, 0x03, 0xFF, 0xFF, 0xFF, 0xFE,
    0xEF, 0x80, 0x00, 0x00, 0x03, 0xFF, 0x7F, 0xBF, 0xFF, 0xFF, 0x80, 0x00,
    0x00, 0x01, 0xFF, 0x3F, 0xDF, 0xFF, 0xFF, 0x80, 0x00, 0x00, 0x01, 0xFE,
    0x0F, 0x87, 0xFF, 0xFF, 0x80, 0x00, 0x00, 0x00, 0xE0, 0x00, 0x19, 0xFF,
    0xFF, 0x80, 0x00, 0x00, 0x00, 0xF8, 0x00, 0x78, 0x7F, 0xFF, 0xC0, 0x00,
    0x00, 0x00, 0xDC, 0x01, 0xF0, 0x0F, 0xFF, 0xC0, 0x00, 0x00, 0x00, 0xF7,
    0x07, 0xB8, 0x0F, 0xFF, 0xC0, 0x00, 0x00, 0x00, 0xF7, 0x07, 0x38, 0x0F,
    0xFF, 0xC0, 0x00, 0x80, 0x00, 0xFF, 0x03, 0xF8, 0x0F, 0xFF, 0xE0, 0x00,
    0x80, 0x00, 0xFF, 0x03, 0xF8, 0x0F, 0xFF, 0xE0, 0x00, 0xC0, 0x00, 0xFF,
    0x03, 0xF8, 0x1F, 0xFF, 0xE0, 0x00, 0xC0, 0x00, 0xFE, 0x03, 0xF8, 0x1F,
    0xFF, 0xF0, 0x00, 0xC0, 0x00, 0xDC, 0x01, 0xF0, 0x1F, 0xFF, 0xF0, 0x00,
    0xC0, 0x00, 0xE0, 0x00, 0x40, 0x1F, 0xFF, 0xF0, 0x00, 0xE0, 0x00, 0xE0,
    0x00, 0x00, 0x3F, 0xFF, 0xF8, 0x00, 0xE0, 0x00, 0xE0, 0x00, 0x00, 0x3F,
    0xFF, 0xF8, 0x00, 0xE0, 0x00, 0xF0, 0x7C, 0x00, 0x37, 0xFF, 0xB8, 0x00,
    0xE0, 0x01, 0xF0, 0xF6, 0x00, 0x3F, 0xFF, 0xB8, 0x00, 0xF0, 0x01, 0xF8,
    0xC2, 0x00, 0x3F, 0xFF, 0xB8, 0x00, 0xF0, 0x11, 0xFC, 0xC6, 0x00, 0x7F,
    0xFF, 0xB8, 0x04, 0xF0, 0x11, 0xFE, 0x7C, 0x00, 0xFF, 0xFF, 0x38, 0x04,
    0xF0, 0x3F, 0xFF, 0x18, 0x00, 0xFF, 0xFF, 0x38, 0x0F, 0xE0, 0x3F, 0xFF,
    0xC0, 0x00, 0xFF, 0xFF, 0x78, 0x0F, 0xE0, 0x1F, 0xFF, 0xFF, 0x00, 0xFF,
    0xFE, 0xF8, 0x07, 0xE0, 0x1F, 0xFF, 0xFF, 0x00, 0xFF, 0xFF, 0xF8, 0x07,
    0xC0, 0x1F, 0xFF, 0xFF, 0x00, 0x7F, 0xFF, 0xF0, 0x07, 0xC0, 0x0F, 0xFF,
    0xFF, 0x00, 0xFF, 0xFF, 0xF0, 0x03, 0x80, 0x07, 0xFF, 0xFF, 0x07, 0xF0,
    0xFF, 0xC0, 0x01, 0x00, 0x03, 0xFF, 0xFF, 0xFF, 0xE0, 0x3F, 0x80, 0x00,
    0x00, 0x00, 0x0F, 0xF3, 0xF9, 0xC0, 0x3E, 0x00, 0x00, 0x00, 0x00, 0x0F,
    0xE3, 0xC1, 0x80, 0x1E, 0x00, 0x00, 0x00, 0x00, 0x1F, 0xC0, 0x01, 0x00,
    0x1E, 0x00, 0x00, 0x00, 0x00, 0x00, 0x00, 0x00, 0x00, 0x00, 0x00, 0x00,
    0x00, 0x00, 0x00, 0x00, 0x00, 0x00, 0x00, 0x00, 0x00, 0x00, 0x00, 0x00,
    0x00, 0x00, 0x00, 0x00, 0x00, 0x00, 0x00, 0x00, 0x00, 0x00, 0x00, 0x00,
    0x00, 0x00, 0x00, 0x00, 0x00, 0x00, 0x00, 0x00, 0x00, 0x00, 0x00, 0x00,
    0x00, 0x00, 0x00, 0x00, 0x00, 0x00, 0x00, 0x00, 0x00, 0x00, 0x00, 0x00,
    0x00, 0x00, 0x00, 0x00, 0x00, 0x00, 0x00, 0x00, 0x00, 0x00, 0x78, 0x00,
    0x00, 0x00, 0x00, 0x00, 0x00, 0x00, 0x00, 0x4C, 0x00, 0x00, 0x00, 0x00,
    0x00, 0x00, 0x00, 0x00, 0x18, 0x00, 0x00, 0x00, 0x00, 0x00, 0x00, 0x00,
    0x00, 0x38, 0x00, 0x00, 0x00, 0x00, 0x00, 0x00, 0x00, 0x00, 0x0C, 0x00,
    0x00, 0x00, 0x00, 0x00, 0x00, 0x00, 0x00, 0x4C, 0x00, 0x00, 0x00, 0x00,
    0x00, 0x00, 0x00, 0x00, 0x78, 0x00, 0x00, 0x00, 0x00, 0x00, 0x00, 0x00,
    0x00, 0x00, 0x00, 0x00, 0x00, 0x00, 0x00, 0x00, 0x00, 0x00, 0x00, 0x00,
    0x00, 0x00, 0x00, 0x00, 0x00, 0x00, 0x00, 0x00, 0x00, 0x00, 0x00, 0x00
};
static const uint8_t angry_frame_4[] = {
    0x00, 0x00, 0x00, 0x00, 0x00, 0x00, 0x00, 0x00, 0x00, 0x00, 0x00, 0x00,
    0x00, 0x00, 0x00, 0x00, 0x00, 0x00, 0x00, 0x00, 0x00, 0x00, 0x00, 0x00,
    0x00, 0x00, 0x00, 0x00, 0x00, 0x00, 0x00, 0x00, 0x00, 0x00, 0x00, 0x00,
    0x00, 0x00, 0x00, 0x00, 0x00, 0x00, 0x00, 0x00, 0x00, 0x00, 0x00, 0x00,
    0x1F, 0x00, 0x00, 0x00, 0x00, 0x00, 0x00, 0x00, 0x03, 0xFF, 0xF0, 0x00,
    0x00, 0x00, 0x00, 0x00, 0x00, 0x0F, 0xFF, 0xFE, 0x00, 0x00, 0x00, 0x00,
    0x00, 0x00, 0x3E, 0x01, 0xFF, 0x00, 0x00, 0x00, 0x00, 0x00, 0x00, 0xF3,
    0xC0, 0x3F, 0xC0, 0x00, 0x00, 0x00, 0x00, 0x01, 0xFF, 0xFC, 0x0F, 0xE0,
    0x00, 0x00, 0x00, 0x00, 0x03, 0xFF, 0xFF, 0x07, 0xF0, 0x00, 0x00, 0x00,
    0x00, 0x0F, 0xFF, 0xFF, 0x83, 0xF8, 0x00, 0x00, 0x01, 0x00, 0x1F, 0xFF,
    0xFF, 0xC1, 0xF8, 0x00, 0x00, 0x03, 0x00, 0x1F, 0xFF, 0xFF, 0xE0, 0xFC,
    0x00, 0x00, 0x07, 0x00, 0x3F, 0xFF, 0xFF, 0xF0, 0x7E, 0x00, 0x00, 0x0F,
    0x00, 0x7F, 0xFF, 0xFF, 0xF8, 0x7E, 0x00, 0x00, 0x1F, 0x00, 0xFF, 0xFF,
    0xFF, 0xFC, 0x3F, 0x00, 0x00, 0x1F, 0x00, 0xFF, 0xFF, 0xFF, 0xFC, 0x3F,
    0x00, 0x00, 0x3F, 0x01, 0xFF, 0xFF, 0xFF, 0xFE, 0x3F, 0x00, 0x00, 0x3F,
    0x01, 0xFF, 0xFF, 0xFF, 0xFE, 0x1F, 0x80, 0x00, 0x7F, 0x01, 0xFF, 0xFF,
    0xFF, 0xFE, 0x1F, 0x80, 0x00, 0x7F, 0x01, 0xFF, 0xFF, 0xFF, 0xDF, 0x1F,
    0x80, 0x00, 0x7F, 0x01, 0xFF, 0xFF, 0xFF, 0xFF, 0xFF, 0xC0, 0x00, 0x7F,
    0x01, 0xFF, 0xFF, 0xFF, 0xFF, 0xFF, 0xC0, 0x00, 0x7F, 0x01, 0xFF, 0xFF,
    0xFF, 0xFF, 0xCF, 0xC0, 0x00, 0x7F, 0x01, 0xFF, 0xFF, 0xBF, 0xFF, 0x3F,
    0xC0, 0x00, 0x7F, 0x00, 0xFF, 0xFF, 0xDF, 0xFF, 0xFF, 0xE0, 0x00, 0x3F,
    0x00, 0xFF, 0xDF, 0xE7, 0xFF, 0xFF, 0xE0, 0x00, 0x3F, 0x00, 0x7F, 0x07,
    0xA3, 0xFF, 0xFF, 0xE0, 0x00, 0x1F, 0x00, 0x78, 0x00, 0x06, 0x7F, 0xFF,
    0xE0, 0x00, 0x0E, 0x00, 0x3E, 0x00, 0x3C, 0x1F, 0xFF, 0xE0, 0x00, 0x0F,
    0x00, 0x37, 0x00, 0x78, 0x03, 0xFF, 0xE0, 0x00, 0x0D, 0x00, 0x3D, 0x81,
    0xDC, 0x03, 0xFF, 0xF0, 0x00, 0x0F, 0x00, 0x39, 0x81, 0xCC, 0x03, 0xFF,
    0xF0, 0x00, 0x0F, 0x00, 0x3F, 0x81, 0xDE, 0x07, 0xFF, 0xF0, 0x00, 0x0F,
    0x00, 0x3F, 0x81, 0xFE, 0x07, 0xFF, 0xF8, 0x00, 0x0F, 0x00, 0x3F, 0x80,
    0xFC, 0x07, 0xFF, 0xF8, 0x00, 0x0F, 0x00, 0x3F, 0x80, 0xFC, 0x07, 0xFF,
    0xF8, 0x00, 0x0F, 0x00, 0x37, 0x00, 0x78, 0x07, 0xFF, 0xFC, 0x00, 0x0D,
    0x00, 0x30, 0x00, 0x30, 0x0F, 0xFF, 0xFC, 0x00, 0x0E, 0x00, 0x78, 0x00,
    0x00, 0x0F, 0xFF, 0xFC, 0x00, 0x0E, 0x00, 0x78, 0x00, 0x00, 0x0D, 0xFF,
    0xFC, 0x00, 0x0E, 0x00, 0x78, 0x1E, 0x00, 0x0D, 0xFF, 0xFE, 0x00, 0x0E,
    0x00, 0x7C, 0x3F, 0x00, 0x0F, 0xFF, 0xDE, 0x00, 0x1F, 0x00, 0x7C, 0x21,
    0x80, 0x0F, 0xFF, 0xDE, 0x00, 0x1F, 0x0C, 0x7E, 0x00, 0x00, 0x1F, 0xFF,
    0xCE, 0x01, 0x1F, 0x0C, 0xFF, 0x00, 0x00, 0x3F, 0xFF, 0xDE, 0x03, 0x1F,
    0x0F, 0xFF, 0xC0, 0x00, 0x3F, 0xFF, 0xDE, 0x03, 0xFF, 0x0F, 0xFF, 0xF0,
    0x00, 0x7F, 0xFF, 0x9E, 0x03, 0xFF, 0x0F, 0xFF, 0xFF, 0x80, 0x3F, 0xFF,
    0xFE, 0x03, 0xFF, 0x0F, 0xFF, 0xFF, 0xC0, 0x3F, 0xFF, 0xFC, 0x01, 0xFF,
    0x07, 0xFF, 0xFF, 0xC0, 0x1F, 0xFF, 0xFC, 0x01, 0xFF, 0x07, 0xFF, 0xFF,
    0xC0, 0x7F, 0xFF, 0xF8, 0x00, 0xFF, 0x03, 0xFF, 0xFF, 0xC3, 0xFC, 0x3F,
    0xF0, 0x00, 0x7F, 0x00, 0xFF, 0xFF, 0xFF, 0xF0, 0x1F, 0xC0, 0x00, 0x3F,
    0x00, 0x03, 0xF8, 0xFE, 0x60, 0x0F, 0x00, 0x00, 0x00, 0x00, 0x07, 0xF1,
    0xE0, 0xC0, 0x07, 0x80, 0x00, 0x00, 0x00, 0x07, 0xE0, 0x00, 0xC0, 0x07,
    0x80, 0x00, 0x01, 0x00, 0x00, 0x00, 0x00, 0x00, 0x00, 0x00, 0x00, 0x00,
    0x00, 0x00, 0x00, 0x00, 0x00, 0x00, 0x00, 0x00, 0x00, 0x00, 0x00, 0x00,
    0x00, 0x00, 0x00, 0x00, 0x00, 0x00, 0x00, 0x00, 0x00, 0x00, 0x00, 0x00,
    0x00, 0x00, 0x00, 0x00, 0x00, 0x00, 0x00, 0x00, 0x00, 0x00, 0x00, 0x00,
    0x00, 0x00, 0x00, 0x00, 0x00, 0x00, 0x00, 0x00, 0x00, 0x00, 0x00, 0x00,
    0x00, 0x00, 0x00, 0x00, 0x00, 0x00, 0x00, 0x00, 0x00, 0x04, 0x00, 0x00,
    0x00, 0x00, 0x00, 0x00, 0x00, 0x00, 0x0C, 0x00, 0x00, 0x00, 0x00, 0x00,
    0x00, 0x00, 0x00, 0x1E, 0x00, 0x00, 0x00, 0x00, 0x00, 0x00, 0x00, 0x00,
    0x34, 0x00, 0x00, 0x00, 0x00, 0x00, 0x00, 0x00, 0x00, 0x3E, 0x00, 0x00,
    0x00, 0x00, 0x00, 0x00, 0x00, 0x00, 0x06, 0x00, 0x00, 0x00, 0x00, 0x00,
    0x00, 0x00, 0x00, 0x04, 0x00, 0x00, 0x00, 0x00, 0x00, 0x00, 0x00, 0x00,
    0x00, 0x00, 0x00, 0x00, 0x00, 0x00, 0x00, 0x00, 0x00, 0x00, 0x00, 0x00,
    0x00, 0x00, 0x00, 0x00, 0x00, 0x00, 0x00, 0x00, 0x00, 0x00, 0x00, 0x00
};
static const uint8_t angry_frame_5[] = {
    0x00, 0x00, 0x00, 0x00, 0x00, 0x00, 0x00, 0x00, 0x00, 0x00, 0x00, 0x00,
    0x00, 0x00, 0x00, 0x00, 0x00, 0x00, 0x00, 0x00, 0x00, 0x00, 0x00, 0x00,
    0x00, 0x00, 0x00, 0x00, 0x00, 0x00, 0x00, 0x00, 0x00, 0x00, 0x00, 0x00,
    0x00, 0x00, 0x00, 0x00, 0x00, 0x00, 0x00, 0x00, 0x00, 0x00, 0x00, 0x00,
    0x03, 0xE0, 0x00, 0x00, 0x00, 0x00, 0x00, 0x00, 0x00, 0x3F, 0xFF, 0x00,
    0x00, 0x00, 0x00, 0x00, 0x00, 0x01, 0xFF, 0xFF, 0xC0, 0x00, 0x00, 0x00,
    0x00, 0x00, 0x07, 0xC0, 0x1F, 0xF0, 0x00, 0x00, 0x00, 0x00, 0x00, 0x0F,
    0x3C, 0x03, 0xF8, 0x00, 0x00, 0x00, 0x00, 0x00, 0x3F, 0xFF, 0x81, 0xFE,
    0x00, 0x00, 0x00, 0x00, 0x00, 0x7F, 0xFF, 0xE0, 0x7F, 0x00, 0x00, 0x00,
    0x00, 0x00, 0xFF, 0xFF, 0xF8, 0x3F, 0x00, 0x00, 0x00, 0x00, 0x01, 0xFF,
    0xFF, 0xFC, 0x1F, 0x80, 0x00, 0x00, 0x00, 0x03, 0xFF, 0xFF, 0xFE, 0x0F,
    0xC0, 0x00, 0x00, 0x00, 0x07, 0xFF, 0xFF, 0xFF, 0x0F, 0xC0, 0x00, 0x00,
    0x00, 0x07, 0xFF, 0xFF, 0xFF, 0x87, 0xE0, 0x00, 0x00, 0x00, 0x0F, 0xFF,
    0xFF, 0xFF, 0x87, 0xE0, 0x00, 0x00, 0x00, 0x1F, 0xFF, 0xFF, 0xFF, 0xC3,
    0xF0, 0x00, 0x00, 0x00, 0x1F, 0xFF, 0xFF, 0xFF, 0xC3, 0xF0, 0x00, 0x00,
    0x00, 0x1F, 0xFF, 0xFF, 0xFF, 0xE3, 0xF8, 0x00, 0x00, 0x00, 0x3F, 0xFF,
    0xFF, 0xFF, 0xE3, 0xF8, 0x00, 0x00, 0x00, 0x3F, 0xFF, 0xFF, 0xFD, 0xF3,
    0xF8, 0x00, 0x00, 0x00, 0x3F, 0xFF, 0xFF, 0xFF, 0xFF, 0xF8, 0x00, 0x00,
    0x00, 0x3F, 0xFF, 0xFF, 0xFF, 0xFF, 0xFC, 0x00, 0x00, 0x00, 0x3F, 0xFF,
    0xFF, 0xFF, 0xF8, 0xFC, 0x00, 0x00, 0x00, 0x1F, 0xFF, 0xFB, 0xFF, 0xF7,
    0xFC, 0x00, 0x00, 0x00, 0x1F, 0xFB, 0xFD, 0xFF, 0xFF, 0xFC, 0x00, 0x00,
    0x00, 0x0F, 0xF9, 0xFE, 0xFF, 0xFF, 0xFE, 0x00, 0x00, 0x00, 0x07, 0xF0,
    0x78, 0x3F, 0xFF, 0xFE, 0x00, 0x00, 0x00, 0x07, 0x80, 0x00, 0xCF, 0xFF,
    0xFE, 0x00, 0x00, 0x00, 0x07, 0xC0, 0x03, 0xC1, 0xFF, 0xFE, 0x00, 0x00,
    0x00, 0x07, 0xE0, 0x0F, 0x80, 0x7F, 0xFE, 0x00, 0x00, 0x00, 0x07, 0xB8,
    0x3D, 0xC0, 0x7F, 0xFE, 0x00, 0x00, 0x00, 0x07, 0xB8, 0x39, 0xC0, 0x7F,
    0xFF, 0x00, 0x00, 0x00, 0x07, 0xF8, 0x1D, 0xC0, 0x7F, 0xFF, 0x00, 0x00,
    0x00, 0x07, 0xF8, 0x1F, 0xC0, 0x7F, 0xFF, 0x00, 0x00, 0x00, 0x07, 0xF8,
    0x1F, 0xC0, 0x7F, 0xFF, 0x80, 0x00, 0x00, 0x07, 0xF8, 0x0F, 0xC0, 0x7F,
    0xFF, 0x80, 0x00, 0x00, 0x07, 0xF0, 0x0F, 0x80, 0xFF, 0xFF, 0xC0, 0x00,
    0x00, 0x07, 0x00, 0x02, 0x00, 0xFF, 0xFF, 0xC0, 0x00, 0x00, 0x07, 0x00,
    0x00, 0x00, 0xFF, 0xFF, 0xC0, 0x00, 0x00, 0x07, 0x00, 0x00, 0x00, 0xDF,
    0xFF, 0xC0, 0x00, 0x00, 0x07, 0x81, 0xC0, 0x00, 0xDF, 0xFD, 0xC0, 0x00,
    0x00, 0x07, 0x83, 0xF0, 0x00, 0xFF, 0xFD, 0xE0, 0x00, 0x00, 0x07, 0xC2,
    0x30, 0x00, 0xFF, 0xFD, 0xE0, 0x00, 0x00, 0x8F, 0xE0, 0x00, 0x01, 0xFF,
    0xFD, 0xE0, 0x00, 0x00, 0xCF, 0xF0, 0x00, 0x03, 0xFF, 0xFD, 0xE0, 0x00,
    0x00, 0xFF, 0xF8, 0x00, 0x07, 0xFF, 0xF9, 0xE0, 0x00, 0x00, 0xFF, 0xFF,
    0x00, 0x07, 0xFF, 0xFB, 0xE0, 0x00, 0x00, 0xFF, 0xFF, 0xF8, 0x07, 0xFF,
    0xFF, 0xE0, 0x00, 0x00, 0xFF, 0xFF, 0xFC, 0x03, 0xFF, 0xFF, 0xC0, 0x00,
    0x00, 0xFF, 0xFF, 0xFC, 0x03, 0xFF, 0xFF, 0xC0, 0x00, 0x00, 0x7F, 0xFF,
    0xFC, 0x07, 0xFF, 0xFF, 0x80, 0x00, 0x00, 0x3F, 0xFF, 0xFC, 0x3F, 0xC3,
    0xFF, 0x00, 0x00, 0x00, 0x1F, 0xFF, 0xFF, 0xFF, 0x01, 0xFC, 0x00, 0x00,
    0x00, 0x00, 0x3F, 0x9F, 0xCE, 0x00, 0xF0, 0x00, 0x00, 0x00, 0x00, 0x7F,
    0x1E, 0x0C, 0x00, 0xF8, 0x00, 0x00, 0x00, 0x00, 0xFE, 0x00, 0x08, 0x00,
    0x78, 0x00, 0x00, 0x00, 0x00, 0x00, 0x00, 0x00, 0x00, 0x00, 0x00, 0x00,
    0x00, 0x00, 0x00, 0x00, 0x00, 0x00, 0x00, 0x00, 0x00, 0x00, 0x00, 0x00,
    0x00, 0x00, 0x00, 0x00, 0x00, 0x00, 0x00, 0x00, 0x00, 0x00, 0x00, 0x00,
    0x00, 0x00, 0x00, 0x00, 0x00, 0x00, 0x00, 0x00, 0x00, 0x00, 0x00, 0x00,
    0x00, 0x00, 0x00, 0x00, 0x00, 0x00, 0x00, 0x00, 0x00, 0x00, 0x00, 0x00,
    0x00, 0x00, 0x00, 0x00, 0x00, 0x00, 0x00, 0x00, 0x00, 0x03, 0xC0, 0x00,
    0x00, 0x00, 0x00, 0x00, 0x00, 0x00, 0x03, 0x00, 0x00, 0x00, 0x00, 0x00,
    0x00, 0x00, 0x00, 0x03, 0xC0, 0x00, 0x00, 0x00, 0x00, 0x00, 0x00, 0x00,
    0x03, 0xE0, 0x00, 0x00, 0x00, 0x00, 0x00, 0x00, 0x00, 0x00, 0x20, 0x00,
    0x00, 0x00, 0x00, 0x00, 0x00, 0x00, 0x03, 0x60, 0x00, 0x00, 0x00, 0x00,
    0x00, 0x00, 0x00, 0x03, 0xC0, 0x00, 0x00, 0x00, 0x00, 0x00, 0x00, 0x00,
    0x00, 0x00, 0x00, 0x00, 0x00, 0x00, 0x00, 0x00, 0x00, 0x00, 0x00, 0x00,
    0x00, 0x00, 0x00, 0x00, 0x00, 0x00, 0x00, 0x00, 0x00, 0x00, 0x00, 0x00
};
static const uint8_t angry_frame_6[] = {
    0x00, 0x00, 0x00, 0x00, 0x00, 0x00, 0x00, 0x00, 0x00, 0x00, 0x00, 0x00,
    0x00, 0x00, 0x00, 0x00, 0x00, 0x00, 0x00, 0x00, 0x00, 0x00, 0x00, 0x00,
    0x00, 0x00, 0x00, 0x00, 0x00, 0x00, 0x00, 0x00, 0x00, 0x00, 0x00, 0x00,
    0x00, 0x00, 0x00, 0x00, 0x7F, 0x80, 0x00, 0x00, 0x00, 0x00, 0x00, 0x00,
    0x07, 0xFF, 0xF0, 0x00, 0x00, 0x00, 0x00, 0x00, 0x00, 0x1F, 0xFF, 0xFE,
    0x00, 0x00, 0x00, 0x00, 0x00, 0x00, 0x7C, 0x01, 0xFF, 0x00, 0x00, 0x00,
    0x00, 0x00, 0x00, 0xFF, 0xE0, 0x3F, 0xC0, 0x00, 0x00, 0x00, 0x00, 0x03,
    0xFF, 0xFC, 0x0F, 0xE0, 0x00, 0x00, 0x00, 0x00, 0x07, 0xFF, 0xFF, 0x07,
    0xF0, 0x00, 0x00, 0x00, 0x00, 0x0F, 0xFF, 0xFF, 0x83, 0xF8, 0x00, 0x00,
    0x00, 0x00, 0x1F, 0xFF, 0xFF, 0xC1, 0xF8, 0x00, 0x00, 0x00, 0x00, 0x3F,
    0xFF, 0xFF, 0xE0, 0xFC, 0x00, 0x00, 0x00, 0x00, 0x7F, 0xFF, 0xFF, 0xF0,
    0x7E, 0x00, 0x00, 0x00, 0x00, 0x7F, 0xFF, 0xFF, 0xF8, 0x7E, 0x00, 0x00,
    0x00, 0x00, 0xFF, 0xFF, 0xFF, 0xFC, 0x3F, 0x00, 0x00, 0x00, 0x00, 0xFF,
    0xFF, 0xFF, 0xFC, 0x3F, 0x00, 0x00, 0x00, 0x01, 0xFF, 0xFF, 0xFF, 0xFE,
    0x3F, 0x00, 0x00, 0x00, 0x01, 0xFF, 0xFF, 0xFF, 0xFE, 0x3F, 0x80, 0x00,
    0x00, 0x01, 0xFF, 0xFF, 0xFF, 0xFE, 0x1F, 0x80, 0x00, 0x00, 0x03, 0xFF,
    0xFF, 0xFF, 0xFF, 0x7F, 0x80, 0x00, 0x00, 0x03, 0xFF, 0xFF, 0xFF, 0xFF,
    0xFF, 0xC0, 0x00, 0x00, 0x01, 0xFF, 0xFF, 0xFF, 0xFF, 0xFF, 0xC0, 0x00,
    0x00, 0x01, 0xFF, 0xFF, 0xFF, 0xFF, 0x87, 0xC0, 0x00, 0x00, 0x01, 0xFF,
    0xFF, 0xBF, 0xFF, 0x7F, 0xC0, 0x00, 0x00, 0x00, 0xFF, 0xFF, 0xEF, 0xFF,
    0xFF, 0xE0, 0x00, 0x00, 0x00, 0xFF, 0xDF, 0xE7, 0xFF, 0xFF, 0xE0, 0x00,
    0x00, 0x00, 0x7F, 0x80, 0x01, 0xFF, 0xFF, 0xE0, 0x00, 0x00, 0x00, 0x70,
    0x00, 0x00, 0x7F, 0xFF, 0xE0, 0x00, 0x00, 0x00, 0x70, 0x00, 0x00, 0x0F,
    0xFF, 0xE0, 0x00, 0x00, 0x00, 0x70, 0x00, 0x00, 0x03, 0xFF, 0xE0, 0x00,
    0x00, 0x00, 0x30, 0x00, 0x00, 0x03, 0xFF, 0xF0, 0x00, 0x00, 0x00, 0x30,
    0x00, 0x00, 0x03, 0xFF, 0xF0, 0x00, 0x00, 0x00, 0x30, 0x00, 0x00, 0x03,
    0xFF, 0xF0, 0x00, 0x00, 0x00, 0x3C, 0xC0, 0x84, 0x03, 0xFF, 0xF8, 0x00,
    0x00, 0x00, 0x3F, 0xC0, 0xFE, 0x03, 0xFF, 0xF8, 0x00, 0x00, 0x00, 0x37,
    0x80, 0x7C, 0x03, 0xFF, 0xFC, 0x00, 0x00, 0x00, 0x70, 0x00, 0x30, 0x03,
    0xFF, 0xFC, 0x00, 0x00, 0x00, 0x70, 0x00, 0x00, 0x03, 0xFF, 0xFC, 0x00,
    0x00, 0x00, 0x78, 0x00, 0x00, 0x01, 0xFF, 0xFC, 0x00, 0x00, 0x00, 0x78,
    0x00, 0x00, 0x01, 0xFF, 0xFE, 0x00, 0x00, 0x00, 0x7C, 0x1E, 0x00, 0x03,
    0xFF, 0xFE, 0x00, 0x00, 0x00, 0x7C, 0x37, 0x00, 0x07, 0xFF, 0xCE, 0x00,
    0x00, 0x04, 0x7E, 0x01, 0x00, 0x1F, 0xFF, 0xCE, 0x01, 0x00, 0x0C, 0xFF,
    0x00, 0x00, 0x3F, 0xFF, 0xDE, 0x01, 0x00, 0x0E, 0xFF, 0x80, 0x00, 0x3F,
    0xFF, 0xDE, 0x01, 0x00, 0x0F, 0xFF, 0xE0, 0x00, 0x3F, 0xFF, 0x9E, 0x01,
    0x00, 0x0F, 0xFF, 0xFE, 0x00, 0x3F, 0xFF, 0xBE, 0x01, 0x00, 0x0F, 0xFF,
    0xFF, 0xC0, 0x3F, 0xFF, 0xFE, 0x01, 0x00, 0x07, 0xFF, 0xFF, 0xC0, 0x3F,
    0xFF, 0xFC, 0x01, 0x00, 0x07, 0xFF, 0xFF, 0xC0, 0x3F, 0xFF, 0xF8, 0x00,
    0x00, 0x03, 0xFF, 0xFF, 0xC1, 0xFE, 0x7F, 0xF0, 0x00, 0x00, 0x01, 0xFF,
    0xFF, 0xDF, 0xF8, 0x1F, 0xE0, 0x00, 0x00, 0x00, 0x33, 0xF8, 0xFE, 0x60,
    0x0F, 0x00, 0x00, 0x00, 0x00, 0x07, 0xF0, 0xE0, 0xC0, 0x0F, 0x80, 0x00,
    0x00, 0x00, 0x07, 0xE0, 0x00, 0xC0, 0x07, 0x80, 0x00, 0x00, 0x00, 0x00,
    0x00, 0x00, 0x00, 0x00, 0x00, 0x00, 0x00, 0x00, 0x00, 0x00, 0x00, 0x00,
    0x00, 0x00, 0x00, 0x00, 0x00, 0x00, 0x00, 0x00, 0x00, 0x00, 0x00, 0x00,
    0x00, 0x00, 0x00, 0x00, 0x00, 0x00, 0x00, 0x00, 0x00, 0x00, 0x00, 0x00,
    0x00, 0x00, 0x00, 0x00, 0x00, 0x00, 0x00, 0x00, 0x00, 0x00, 0x00, 0x00,
    0x00, 0x00, 0x00, 0x00, 0x00, 0x00, 0x00, 0x00, 0x00, 0x00, 0x00, 0x00,
    0x00, 0x00, 0x00, 0x00, 0x0C, 0x00, 0x00, 0x00, 0x00, 0x00, 0x00, 0x00,
    0x00, 0x1E, 0x00, 0x00, 0x00, 0x00, 0x00, 0x00, 0x00, 0x00, 0x10, 0x00,
    0x00, 0x00, 0x00, 0x00, 0x00, 0x00, 0x00, 0x3E, 0x00, 0x00, 0x00, 0x00,
    0x00, 0x00, 0x00, 0x00, 0x33, 0x00, 0x00, 0x00, 0x00, 0x00, 0x00, 0x00,
    0x00, 0x33, 0x00, 0x00, 0x00, 0x00, 0x00, 0x00, 0x00, 0x00, 0x1E, 0x00,
    0x00, 0x00, 0x00, 0x00, 0x00, 0x00, 0x00, 0x0C, 0x00, 0x00, 0x00, 0x00,
    0x00, 0x00, 0x00, 0x00, 0x00, 0x00, 0x00, 0x00, 0x00, 0x00, 0x00, 0x00,
    0x00, 0x00, 0x00, 0x00, 0x00, 0x00, 0x00, 0x00, 0x00, 0x00, 0x00, 0x00,
    0x00, 0x00, 0x00, 0x00, 0x00, 0x00, 0x00, 0x00, 0x00, 0x00, 0x00, 0x00
};
static const uint8_t angry_frame_7[] = {
    0x00, 0x00, 0x00, 0x00, 0x00, 0x00, 0x00, 0x00, 0x00, 0x00, 0x00, 0x00,
    0x00, 0x00, 0x00, 0x00, 0x00, 0x00, 0x00, 0x00, 0x00, 0x00, 0x00, 0x00,
    0x00, 0x00, 0x00, 0x00, 0x00, 0x00, 0x00, 0x00, 0x00, 0x00, 0x00, 0x00,
    0x00, 0x00, 0x00, 0x00, 0x07, 0xF8, 0x00, 0x00, 0x00, 0x00, 0x00, 0x00,
    0x00, 0x7F, 0xFF, 0x80, 0x00, 0x00, 0x00, 0x00, 0x00, 0x01, 0xFF, 0xFF,
    0xE0, 0x00, 0x00, 0x00, 0x00, 0x00, 0x07, 0xC0, 0x0F, 0xF0, 0x00, 0x00,
    0x00, 0x00, 0x00, 0x0F, 0x7E, 0x03, 0xFC, 0x00, 0x00, 0x00, 0x00, 0x00,
    0x3F, 0xFF, 0xC0, 0xFE, 0x00, 0x00, 0x00, 0x00, 0x00, 0x7F, 0xFF, 0xF0,
    0x7F, 0x00, 0x00, 0x00, 0x00, 0x00, 0xFF, 0xFF, 0xF8, 0x3F, 0x80, 0x00,
    0x00, 0x00, 0x01, 0xFF, 0xFF, 0xFC, 0x1F, 0xC0, 0x00, 0x00, 0x00, 0x03,
    0xFF, 0xFF, 0xFE, 0x0F, 0xC0, 0x00, 0x00, 0x00, 0x03, 0xFF, 0xFF, 0xFF,
    0x07, 0xE0, 0x00, 0x80, 0x00, 0x07, 0xFF, 0xFF, 0xFF, 0x87, 0xE0, 0x00,
    0x80, 0x00, 0x0F, 0xFF, 0xFF, 0xFF, 0xC3, 0xF0, 0x00, 0xC0, 0x00, 0x0F,
    0xFF, 0xFF, 0xFF, 0xC3, 0xF0, 0x00, 0xC0, 0x00, 0x1F, 0xFF, 0xFF, 0xFF,
    0xE3, 0xF8, 0x00, 0xC0, 0x00, 0x1F, 0xFF, 0xFF, 0xFF, 0xE1, 0xF8, 0x00,
    0xC0, 0x00, 0x1F, 0xFF, 0xFF, 0xFF, 0xE1, 0xF8, 0x00, 0xE0, 0x00, 0x1F,
    0xFF, 0xFF, 0xFF, 0xF7, 0xF8, 0x00, 0xE0, 0x00, 0x1F, 0xFF, 0xFF, 0xFF,
    0xFF, 0xFC, 0x00, 0xE0, 0x00, 0x1F, 0xFF, 0xFF, 0xFF, 0xFF, 0xFC, 0x00,
    0xF0, 0x00, 0x1F, 0xFF, 0xFF, 0xFF, 0xF8, 0x7C, 0x00, 0xF0, 0x00, 0x1F,
    0xFF, 0xFF, 0xFF, 0xF7, 0xFC, 0x00, 0xF0, 0x00, 0x0F, 0xFD, 0xFE, 0xFF,
    0xFF, 0xFE, 0x00, 0xF0, 0x00, 0x0F, 0xFD, 0xFE, 0x7F, 0xFF, 0xFE, 0x00,
    0xF0, 0x00, 0x07, 0xF8, 0x00, 0x1F, 0xFF, 0xFE, 0x00, 0xF0, 0x00, 0x07,
    0x00, 0x00, 0x07, 0xFF, 0xFE, 0x00, 0xF8, 0x00, 0x07, 0x00, 0x00, 0x00,
    0xFF, 0xFE, 0x00, 0xF8, 0x00, 0x03, 0x00, 0x00, 0x00, 0x3F, 0xFF, 0x00,
    0xF8, 0x00, 0x03, 0x00, 0x00, 0x00, 0x3F, 0xFF, 0x00, 0xF8, 0x00, 0x03,
    0x00, 0x00, 0x00, 0x3F, 0xFF, 0x00, 0xFC, 0x00, 0x03, 0x00, 0x00, 0x00,
    0x3F, 0xFF, 0x80, 0xFC, 0x00, 0x03, 0xCC, 0x0C, 0x60, 0x3F, 0xFF, 0x80,
    0xFE, 0x00, 0x03, 0xFC, 0x0F, 0xE0, 0x3F, 0xFF, 0x80, 0xFE, 0x00, 0x03,
    0x78, 0x07, 0xC0, 0x3F, 0xFF, 0xC0, 0xFE, 0x00, 0x03, 0x00, 0x03, 0x80,
    0x3F, 0xFF, 0xC0, 0xFF, 0x00, 0x07, 0x80, 0x00, 0x00, 0x3F, 0xFF, 0xC0,
    0xFF, 0x00, 0x07, 0x80, 0x00, 0x00, 0x3F, 0xFF, 0xE0, 0xF7, 0x00, 0x07,
    0x80, 0x00, 0x00, 0x1F, 0xFF, 0xE0, 0xF7, 0x00, 0x07, 0xC1, 0xE0, 0x00,
    0x3F, 0xFF, 0xE0, 0xF7, 0x00, 0x07, 0xC3, 0xF0, 0x00, 0x7F, 0xFC, 0xE0,
    0xF7, 0x00, 0x47, 0xE0, 0x10, 0x01, 0xFF, 0xFC, 0xE0, 0xE7, 0x80, 0xCF,
    0xF0, 0x00, 0x03, 0xFF, 0xFC, 0xE0, 0xE7, 0x80, 0xEF, 0xF8, 0x00, 0x03,
    0xFF, 0xFD, 0xE0, 0xEF, 0x00, 0xFF, 0xFE, 0x00, 0x03, 0xFF, 0xF9, 0xE0,
    0xDF, 0x00, 0xFF, 0xFF, 0xE0, 0x03, 0xFF, 0xFB, 0xE0, 0xFF, 0x00, 0xFF,
    0xFF, 0xFC, 0x03, 0xFF, 0xFF, 0xE0, 0xFE, 0x00, 0x7F, 0xFF, 0xFC, 0x01,
    0xFF, 0xFF, 0xC0, 0xFE, 0x00, 0x7F, 0xFF, 0xFC, 0x03, 0xFF, 0xFF, 0xC0,
    0xFC, 0x00, 0x3F, 0xFF, 0xFC, 0x1F, 0xC3, 0xFF, 0x80, 0xF0, 0x00, 0x0F,
    0xFF, 0xFD, 0xFF, 0x01, 0xFE, 0x00, 0xC0, 0x00, 0x03, 0x3F, 0x8F, 0xE6,
    0x00, 0xF0, 0x00, 0xC0, 0x00, 0x00, 0x7F, 0x0F, 0x0E, 0x00, 0x78, 0x00,
    0xC0, 0x00, 0x00, 0x7E, 0x00, 0x0C, 0x00, 0x78, 0x00, 0x00, 0x00, 0x00,
    0x00, 0x00, 0x00, 0x00, 0x00, 0x00, 0x00, 0x00, 0x00, 0x00, 0x00, 0x00,
    0x00, 0x00, 0x00, 0x00, 0x00, 0x00, 0x00, 0x00, 0x00, 0x00, 0x00, 0x00,
    0x00, 0x00, 0x00, 0x00, 0x00, 0x00, 0x00, 0x00, 0x00, 0x00, 0x00, 0x00,
    0x00, 0x00, 0x00, 0x00, 0x00, 0x00, 0x00, 0x00, 0x00, 0x00, 0x00, 0x00,
    0x00, 0x00, 0x00, 0x00, 0x00, 0x00, 0x00, 0x00, 0x00, 0x00, 0x00, 0x00,
    0x00, 0x00, 0x00, 0x00, 0x01, 0xE0, 0x00, 0x00, 0x00, 0x00, 0x00, 0x00,
    0x00, 0x01, 0xE0, 0x00, 0x00, 0x00, 0x00, 0x00, 0x00, 0x00, 0x00, 0x60,
    0x00, 0x00, 0x00, 0x00, 0x00, 0x00, 0x00, 0x00, 0x40, 0x00, 0x00, 0x00,
    0x00, 0x00, 0x00, 0x00, 0x00, 0xC0, 0x00, 0x00, 0x00, 0x00, 0x00, 0x00,
    0x00, 0x00, 0x80, 0x00, 0x00, 0x00, 0x00, 0x00, 0x00, 0x00, 0x01, 0x80,
    0x00, 0x00, 0x00, 0x00, 0x00, 0x00, 0x00, 0x00, 0x80, 0x00, 0x00, 0x00,
    0x00, 0x00, 0x00, 0x00, 0x00, 0x00, 0x00, 0x00, 0x00, 0x00, 0x00, 0x00,
    0x00, 0x00, 0x00, 0x00, 0x00, 0x00, 0x00, 0x00, 0x00, 0x00, 0x00, 0x00,
    0x00, 0x00, 0x00, 0x00, 0x00, 0x00, 0x00, 0x00, 0x00, 0x00, 0x00, 0x00
};
static const uint8_t angry_frame_8[] = {
    0x00, 0x00, 0x00, 0x00, 0x00, 0x00, 0x00, 0x00, 0x00, 0x00, 0x00, 0x00,
    0x00, 0x00, 0x00, 0x00, 0x00, 0x00, 0x00, 0x00, 0x00, 0x00, 0x00, 0x00,
    0x00, 0x00, 0x00, 0x00, 0x00, 0x00, 0x00, 0x00, 0x00, 0x00, 0x00, 0x00,
    0x00, 0x00, 0x00, 0x01, 0xFE, 0x00, 0x00, 0x00, 0x00, 0x00, 0x00, 0x00,
    0x0F, 0xFF, 0xE0, 0x00, 0x00, 0x00, 0x00, 0x00, 0x00, 0x3F, 0xFF, 0xF8,
    0x00, 0x00, 0x00, 0x00, 0x00, 0x00, 0xF0, 0x03, 0xFE, 0x00, 0x00, 0x00,
    0x00, 0x00, 0x03, 0xFF, 0x80, 0xFF, 0x00, 0x00, 0x00, 0x00, 0x00, 0x07,
    0xFF, 0xF0, 0x3F, 0x80, 0x00, 0x00, 0x00, 0x00, 0x0F, 0xFF, 0xFC, 0x0F,
    0xC0, 0x00, 0x00, 0x00, 0x00, 0x1F, 0xFF, 0xFF, 0x07, 0xE0, 0x00, 0x00,
    0x00, 0x00, 0x3F, 0xFF, 0xFF, 0x83, 0xF0, 0x00, 0x00, 0x00, 0x00, 0x7F,
    0xFF, 0xFF, 0xC3, 0xF0, 0x00, 0x00, 0x00, 0x00, 0xFF, 0xFF, 0xFF, 0xE1,
    0xF8, 0x00, 0x00, 0x00, 0x01, 0xFF, 0xFF, 0xFF, 0xE0, 0xFC, 0x00, 0x00,
    0x00, 0x01, 0xFF, 0xFF, 0xFF, 0xF0, 0xFC, 0x00, 0x00, 0x00, 0x03, 0xFF,
    0xFF, 0xFF, 0xF8, 0xFC, 0x00, 0x00, 0x00, 0x03, 0xFF, 0xFF, 0xFF, 0xF8,
    0x7E, 0x00, 0x00, 0x00, 0x07, 0xFF, 0xFF, 0xFF, 0xF8, 0x7E, 0x00, 0x00,
    0x00, 0x07, 0xFF, 0xFF, 0xFF, 0xFC, 0x7F, 0x00, 0x01, 0x00, 0x07, 0xFF,
    0xFF, 0xFF, 0xFD, 0xFF, 0x00, 0x01, 0x00, 0x07, 0xFF, 0xFF, 0xFF, 0xFF,
    0xFF, 0x00, 0x01, 0x00, 0x07, 0xFF, 0xFF, 0xFF, 0xFF, 0xFF, 0x00, 0x01,
    0x00, 0x07, 0xFF, 0xFE, 0xFF, 0xFE, 0x1F, 0x80, 0x01, 0x00, 0x03, 0xFF,
    0xFF, 0x7F, 0xFE, 0xFF, 0x80, 0x00, 0x00, 0x03, 0xFF, 0x7F, 0xBF, 0xFF,
    0xFF, 0x80, 0x00, 0x00, 0x01, 0xFF, 0x3F, 0x9F, 0xFF, 0xFF, 0x80, 0x00,
    0x00, 0x00, 0xFE, 0x00, 0x07, 0xFF, 0xFF, 0x80, 0x00, 0x00, 0x00, 0xE0,
    0x00, 0x01, 0xFF, 0xFF, 0x80, 0x00, 0x00, 0x00, 0xE0, 0x00, 0x00, 0x3F,
    0xFF, 0xC0, 0x00, 0x00, 0x00, 0xE0, 0x00, 0x00, 0x0F, 0xFF, 0xC0, 0x00,
    0x00, 0x00, 0xE0, 0x00, 0x00, 0x0F, 0xFF, 0xC0, 0x00, 0x00, 0x00, 0xC0,
    0x00, 0x00, 0x0F, 0xFF, 0xC0, 0x00, 0x80, 0x00, 0xC0, 0x00, 0x00, 0x0F,
    0xFF, 0xE0, 0x00, 0x80, 0x00, 0xF1, 0x03, 0x18, 0x0F, 0xFF, 0xE0, 0x00,
    0xC0, 0x00, 0xFF, 0x03, 0xF8, 0x0F, 0xFF, 0xF0, 0x00, 0xC0, 0x00, 0xFF,
    0x01, 0xF8, 0x0F, 0xFF, 0xF0, 0x00, 0xC0, 0x00, 0xE4, 0x00, 0xE0, 0x0F,
    0xFF, 0xF0, 0x00, 0xE0, 0x00, 0xE0, 0x00, 0x00, 0x0F, 0xFF, 0xF8, 0x00,
    0xE0, 0x00, 0xE0, 0x00, 0x00, 0x07, 0xFF, 0xF8, 0x00, 0xE0, 0x00, 0xE0,
    0x00, 0x00, 0x07, 0xFF, 0xF8, 0x00, 0xE0, 0x00, 0xF0, 0x3C, 0x00, 0x0F,
    0xFF, 0xB8, 0x00, 0xE0, 0x01, 0xF8, 0x6E, 0x00, 0x1F, 0xFF, 0xB8, 0x00,
    0xF0, 0x11, 0xF8, 0x66, 0x00, 0x3F, 0xFF, 0xB8, 0x04, 0xF0, 0x11, 0xFC,
    0x04, 0x00, 0x7F, 0xFF, 0x38, 0x04, 0xF0, 0x1B, 0xFF, 0x00, 0x00, 0xFF,
    0xFF, 0x38, 0x06, 0xE0, 0x3F, 0xFF, 0xC0, 0x00, 0xFF, 0xFF, 0x78, 0x0F,
    0xE0, 0x3F, 0xFF, 0xF8, 0x00, 0xFF, 0xFE, 0xF8, 0x07, 0xE0, 0x1F, 0xFF,
    0xFF, 0x00, 0xFF, 0xFF, 0xF8, 0x07, 0xC0, 0x1F, 0xFF, 0xFF, 0x00, 0x7F,
    0xFF, 0xF0, 0x07, 0xC0, 0x0F, 0xFF, 0xFF, 0x00, 0xFF, 0xFF, 0xF0, 0x03,
    0x80, 0x07, 0xFF, 0xFF, 0x07, 0xF8, 0xFF, 0xE0, 0x01, 0x00, 0x03, 0xFF,
    0xFF, 0x7F, 0xE0, 0x3F, 0x80, 0x00, 0x00, 0x00, 0x4F, 0xF3, 0xFD, 0xC0,
    0x3E, 0x00, 0x00, 0x00, 0x00, 0x0F, 0xE3, 0xC1, 0x80, 0x1E, 0x00, 0x00,
    0x00, 0x00, 0x1F, 0xC0, 0x01, 0x00, 0x1E, 0x00, 0x00, 0x00, 0x00, 0x00,
    0x00, 0x00, 0x00, 0x00, 0x00, 0x00, 0x00, 0x00, 0x00, 0x00, 0x00, 0x00,
    0x00, 0x00, 0x00, 0x00, 0x00, 0x00, 0x00, 0x00, 0x00, 0x00, 0x00, 0x00,
    0x00, 0x00, 0x00, 0x00, 0x00, 0x00, 0x00, 0x00, 0x00, 0x00, 0x00, 0x00,
    0x00, 0x00, 0x00, 0x00, 0x00, 0x00, 0x00, 0x00, 0x00, 0x00, 0x00, 0x00,
    0x00, 0x00, 0x00, 0x00, 0x00, 0x00, 0x00, 0x00, 0x00, 0x00, 0x00, 0x00,
    0x00, 0x00, 0x00, 0x00, 0x38, 0x00, 0x00, 0x00, 0x00, 0x00, 0x00, 0x00,
    0x00, 0x7C, 0x00, 0x00, 0x00, 0x00, 0x00, 0x00, 0x00, 0x00, 0x4C, 0x00,
    0x00, 0x00, 0x00, 0x00, 0x00, 0x00, 0x00, 0x78, 0x00, 0x00, 0x00, 0x00,
    0x00, 0x00, 0x00, 0x00, 0x7C, 0x00, 0x00, 0x00, 0x00, 0x00, 0x00, 0x00,
    0x00, 0xCC, 0x00, 0x00, 0x00, 0x00, 0x00, 0x00, 0x00, 0x00, 0x6C, 0x00,
    0x00, 0x00, 0x00, 0x00, 0x00, 0x00, 0x00, 0x78, 0x00, 0x00, 0x00, 0x00,
    0x00, 0x00, 0x00, 0x00, 0x00, 0x00, 0x00, 0x00, 0x00, 0x00, 0x00, 0x00,
    0x00, 0x00, 0x00, 0x00, 0x00, 0x00, 0x00, 0x00, 0x00, 0x00, 0x00, 0x00,
    0x00, 0x00, 0x00, 0x00, 0x00, 0x00, 0x00, 0x00, 0x00, 0x00, 0x00, 0x00
};
static const uint8_t angry_frame_9[] = {
    0x00, 0x00, 0x00, 0x00, 0x00, 0x00, 0x00, 0x00, 0x00, 0x00, 0x00, 0x00,
    0x00, 0x00, 0x00, 0x00, 0x00, 0x00, 0x00, 0x00, 0x00, 0x00, 0x00, 0x00,
    0x00, 0x00, 0x00, 0x00, 0x00, 0x00, 0x00, 0x00, 0x00, 0x00, 0x00, 0x00,
    0x00, 0x00, 0x00, 0x7F, 0x80, 0x00, 0x00, 0x00, 0x00, 0x00, 0x00, 0x03,
    0xFF, 0xF8, 0x00, 0x00, 0x00, 0x00, 0x00, 0x00, 0x1F, 0xFF, 0xFE, 0x00,
    0x00, 0x00, 0x00, 0x00, 0x00, 0x7C, 0x00, 0xFF, 0x00, 0x00, 0x00, 0x00,
    0x00, 0x00, 0xFF, 0xE0, 0x3F, 0xC0, 0x00, 0x00, 0x00, 0x00, 0x01, 0xFF,
    0xFC, 0x0F, 0xE0, 0x00, 0x00, 0x00, 0x00, 0x07, 0xFF, 0xFF, 0x07, 0xF0,
    0x00, 0x00, 0x00, 0x00, 0x0F, 0xFF, 0xFF, 0x83, 0xF8, 0x00, 0x00, 0x03,
    0x00, 0x1F, 0xFF, 0xFF, 0xE1, 0xF8, 0x00, 0x00, 0x03, 0x00, 0x3F, 0xFF,
    0xFF, 0xE0, 0xFC, 0x00, 0x00, 0x07, 0x00, 0x3F, 0xFF, 0xFF, 0xF0, 0x7E,
    0x00, 0x00, 0x0F, 0x00, 0x7F, 0xFF, 0xFF, 0xF8, 0x7E, 0x00, 0x00, 0x1F,
    0x00, 0xFF, 0xFF, 0xFF, 0xFC, 0x3F, 0x00, 0x00, 0x3F, 0x00, 0xFF, 0xFF,
    0xFF, 0xFC, 0x3F, 0x00, 0x00, 0x3F, 0x01, 0xFF, 0xFF, 0xFF, 0xFE, 0x3F,
    0x80, 0x00, 0x7F, 0x01, 0xFF, 0xFF, 0xFF, 0xFE, 0x1F, 0x80, 0x00, 0x7F,
    0x01, 0xFF, 0xFF, 0xFF, 0xFE, 0x1F, 0x80, 0x00, 0x7F, 0x01, 0xFF, 0xFF,
    0xFF, 0xFF, 0x7F, 0x80, 0x00, 0x7F, 0x01, 0xFF, 0xFF, 0xFF, 0xFF, 0xFF,
    0xC0, 0x00, 0x7F, 0x01, 0xFF, 0xFF, 0xFF, 0xFF, 0xFF, 0xC0, 0x00, 0x7F,
    0x01, 0xFF, 0xFF, 0xFF, 0xFF, 0x87, 0xC0, 0x00, 0x7F, 0x01, 0xFF, 0xFF,
    0xBF, 0xFF, 0x7F, 0xC0, 0x00, 0x7F, 0x00, 0xFF, 0xDF, 0xDF, 0xFF, 0xFF,
    0xE0, 0x00, 0x3F, 0x00, 0xFF, 0xCF, 0xE7, 0xFF, 0xFF, 0xE0, 0x00, 0x1F,
    0x00, 0x7F, 0x80, 0x01, 0xFF, 0xFF, 0xE0, 0x00, 0x1F, 0x00, 0x70, 0x00,
    0x00, 0x7F, 0xFF, 0xE0, 0x00, 0x0E, 0x00, 0x30, 0x00, 0x00, 0x0F, 0xFF,
    0xE0, 0x00, 0x0C, 0x00, 0x30, 0x00, 0x00, 0x03, 0xFF, 0xE0, 0x00, 0x0C,
    0x00, 0x30, 0x00, 0x00, 0x03, 0xFF, 0xF0, 0x00, 0x0C, 0x00, 0x30, 0x00,
    0x00, 0x03, 0xFF, 0xF0, 0x00, 0x0C, 0x00, 0x30, 0x00, 0x00, 0x07, 0xFF,
    0xF0, 0x00, 0x0C, 0x00, 0x3C, 0xC0, 0x86, 0x07, 0xFF, 0xF8, 0x00, 0x0F,
    0x00, 0x3F, 0xC0, 0xFE, 0x07, 0xFF, 0xF8, 0x00, 0x0F, 0x00, 0x3F, 0x80,
    0xFC, 0x03, 0xFF, 0xFC, 0x00, 0x0D, 0x00, 0x32, 0x00, 0x78, 0x03, 0xFF,
    0xFC, 0x00, 0x0C, 0x00, 0x70, 0x00, 0x00, 0x03, 0xFF, 0xFC, 0x00, 0x0E,
    0x00, 0x78, 0x00, 0x00, 0x03, 0xFF, 0xFC, 0x00, 0x0E, 0x00, 0x78, 0x00,
    0x00, 0x01, 0xFF, 0xFE, 0x00, 0x0E, 0x00, 0x78, 0x1E, 0x00, 0x03, 0xFF,
    0xDE, 0x00, 0x1F, 0x00, 0x7C, 0x3B, 0x00, 0x0F, 0xFF, 0xDE, 0x00, 0x1F,
    0x04, 0x7E, 0x11, 0x00, 0x1F, 0xFF, 0xDE, 0x01, 0x1F, 0x0C, 0xFF, 0x00,
    0x00, 0x3F, 0xFF, 0xDE, 0x03, 0x1F, 0x0E, 0xFF, 0x80, 0x00, 0x3F, 0xFF,
    0xDE, 0x03, 0xBF, 0x0F, 0xFF, 0xE0, 0x00, 0x3F, 0xFF, 0x9E, 0x03, 0xFF,
    0x0F, 0xFF, 0xFC, 0x00, 0x3F, 0xFF, 0xBE, 0x03, 0xFF, 0x0F, 0xFF, 0xFF,
    0xC0, 0x3F, 0xFF, 0xFC, 0x01, 0xFF, 0x07, 0xFF, 0xFF, 0xC0, 0x1F, 0xFF,
    0xFC, 0x01, 0xFF, 0x07, 0xFF, 0xFF, 0xC0, 0x3F, 0xFF, 0xF8, 0x00, 0xFF,
    0x03, 0xFF, 0xFF, 0xC1, 0xFC, 0x7F, 0xF0, 0x00, 0xFF, 0x01, 0xFF, 0xFF,
    0xDF, 0xF0, 0x1F, 0xE0, 0x00, 0x3F, 0x00, 0x33, 0xF8, 0xFE, 0x60, 0x0F,
    0x00, 0x00, 0x0C, 0x00, 0x07, 0xF0, 0xF0, 0xC0, 0x0F, 0x80, 0x00, 0x00,
    0x00, 0x0F, 0xE0, 0x00, 0xC0, 0x07, 0x80, 0x00, 0x01, 0x00, 0x00, 0x00,
    0x00, 0x00, 0x00, 0x00, 0x00, 0x00, 0x00, 0x00, 0x00, 0x00, 0x00, 0x00,
    0x00, 0x00, 0x00, 0x00, 0x00, 0x00, 0x00, 0x00, 0x00, 0x00, 0x00, 0x00,
    0x00, 0x00, 0x00, 0x00, 0x00, 0x00, 0x00, 0x00, 0x00, 0x00, 0x00, 0x00,
    0x00, 0x00, 0x00, 0x00, 0x00, 0x00, 0x00, 0x00, 0x00, 0x00, 0x00, 0x00,
    0x00, 0x00, 0x00, 0x00, 0x00, 0x00, 0x00, 0x00, 0x00, 0x00, 0x00, 0x00,
    0x00, 0x00, 0x00, 0x0C, 0x00, 0x00, 0x00, 0x00, 0x00, 0x00, 0x00, 0x00,
    0x3E, 0x00, 0x00, 0x00, 0x00, 0x00, 0x00, 0x00, 0x00, 0x32, 0x00, 0x00,
    0x00, 0x00, 0x00, 0x00, 0x00, 0x00, 0x36, 0x00, 0x00, 0x00, 0x00, 0x00,
    0x00, 0x00, 0x00, 0x1E, 0x00, 0x00, 0x00, 0x00, 0x00, 0x00, 0x00, 0x00,
    0x02, 0x00, 0x00, 0x00, 0x00, 0x00, 0x00, 0x00, 0x00, 0x36, 0x00, 0x00,
    0x00, 0x00, 0x00, 0x00, 0x00, 0x00, 0x1C, 0x00, 0x00, 0x00, 0x00, 0x00,
    0x00, 0x00, 0x00, 0x00, 0x00, 0x00, 0x00, 0x00, 0x00, 0x00, 0x00, 0x00,
    0x00, 0x00, 0x00, 0x00, 0x00, 0x00, 0x00, 0x00, 0x00, 0x00, 0x00, 0x00,
    0x00, 0x00, 0x00, 0x00, 0x00, 0x00, 0x00, 0x00, 0x00, 0x00, 0x00, 0x00
};
static const uint8_t angry_frame_10[] = {
    0x00, 0x00, 0x00, 0x00, 0x00, 0x00, 0x00, 0x00, 0x00, 0x00, 0x00, 0x00,
    0x00, 0x00, 0x00, 0x00, 0x00, 0x00, 0x00, 0x00, 0x00, 0x00, 0x00, 0x00,
    0x00, 0x00, 0x00, 0x00, 0x00, 0x00, 0x00, 0x00, 0x00, 0x00, 0x00, 0x00,
    0x00, 0x00, 0x00, 0x07, 0xF8, 0x00, 0x00, 0x00, 0x00, 0x00, 0x00, 0x00,
    0x7F, 0xFF, 0x00, 0x00, 0x00, 0x00, 0x00, 0x00, 0x01, 0xFF, 0xFF, 0xE0,
    0x00, 0x00, 0x00, 0x00, 0x00, 0x07, 0x80, 0x1F, 0xF0, 0x00, 0x00, 0x00,
    0x00, 0x00, 0x0F, 0xFE, 0x03, 0xFC, 0x00, 0x00, 0x00, 0x00, 0x00, 0x3F,
    0xFF, 0xC0, 0xFE, 0x00, 0x00, 0x00, 0x00, 0x00, 0x7F, 0xFF, 0xF0, 0x7F,
    0x00, 0x00, 0x00, 0x00, 0x00, 0xFF, 0xFF, 0xF8, 0x3F, 0x80, 0x00, 0x00,
    0x00, 0x01, 0xFF, 0xFF, 0xFC, 0x1F, 0x80, 0x00, 0x00, 0x00, 0x03, 0xFF,
    0xFF, 0xFE, 0x0F, 0xC0, 0x00, 0x00, 0x00, 0x07, 0xFF, 0xFF, 0xFF, 0x0F,
    0xC0, 0x00, 0x00, 0x00, 0x0F, 0xFF, 0xFF, 0xFF, 0x87, 0xE0, 0x00, 0x00,
    0x00, 0x0F, 0xFF, 0xFF, 0xFF, 0x87, 0xE0, 0x00, 0x00, 0x00, 0x1F, 0xFF,
    0xFF, 0xFF, 0xC3, 0xF0, 0x00, 0x00, 0x00, 0x1F, 0xFF, 0xFF, 0xFF, 0xC3,
    0xF0, 0x00, 0x00, 0x00, 0x1F, 0xFF, 0xFF, 0xFF, 0xE3, 0xF8, 0x00, 0x00,
    0x00, 0x3F, 0xFF, 0xFF, 0xFF, 0xE3, 0xF8, 0x00, 0x00, 0x00, 0x3F, 0xFF,
    0xFF, 0xFF, 0xE7, 0xF8, 0x00, 0x00, 0x00, 0x3F, 0xFF, 0xFF, 0xFF, 0xFF,
    0xFC, 0x00, 0x00, 0x00, 0x3F, 0xFF, 0xFF, 0xFF, 0xFF, 0xFC, 0x00, 0x00,
    0x00, 0x3F, 0xFF, 0xF7, 0xFF, 0xF8, 0x7C, 0x00, 0x00, 0x00, 0x1F, 0xFF,
    0xFB, 0xFF, 0xF7, 0xFC, 0x00, 0x00, 0x00, 0x1F, 0xFB, 0xFD, 0xFF, 0xFF,
    0xFC, 0x00, 0x00, 0x00, 0x0F, 0xF9, 0xFE, 0x7F, 0xFF, 0xFE, 0x00, 0x00,
    0x00, 0x07, 0xF0, 0x00, 0x3F, 0xFF, 0xFE, 0x00, 0x00, 0x00, 0x07, 0x00,
    0x00, 0x07, 0xFF, 0xFE, 0x00, 0x00, 0x00, 0x07, 0x00, 0x00, 0x00, 0xFF,
    0xFE, 0x00, 0x00, 0x00, 0x07, 0x00, 0x00, 0x00, 0x7F, 0xFE, 0x00, 0x00,
    0x00, 0x07, 0x00, 0x00, 0x00, 0x7F, 0xFF, 0x00, 0x00, 0x00, 0x07, 0x00,
    0x00, 0x00, 0x7F, 0xFF, 0x00, 0x00, 0x00, 0x07, 0x00, 0x00, 0x00, 0x7F,
    0xFF, 0x00, 0x00, 0x00, 0x07, 0x88, 0x18, 0xC0, 0x7F, 0xFF, 0x80, 0x00,
    0x00, 0x07, 0xFC, 0x1F, 0xC0, 0x7F, 0xFF, 0x80, 0x00, 0x00, 0x07, 0xF8,
    0x0F, 0xC0, 0x7F, 0xFF, 0x80, 0x00, 0x00, 0x07, 0x00, 0x07, 0x00, 0x7F,
    0xFF, 0xC0, 0x00, 0x00, 0x07, 0x00, 0x00, 0x00, 0x3F, 0xFF, 0xC0, 0x00,
    0x00, 0x07, 0x00, 0x00, 0x00, 0x3F, 0xFF, 0xC0, 0x00, 0x00, 0x07, 0x80,
    0x00, 0x00, 0x3F, 0xFD, 0xC0, 0x00, 0x00, 0x07, 0x81, 0xE0, 0x00, 0x3F,
    0xFD, 0xE0, 0x00, 0x00, 0x07, 0xC3, 0x70, 0x00, 0xFF, 0xFD, 0xE0, 0x00,
    0x00, 0x8F, 0xE2, 0x10, 0x01, 0xFF, 0xFD, 0xE0, 0x00, 0x00, 0xCF, 0xF0,
    0x00, 0x03, 0xFF, 0xFD, 0xE0, 0x00, 0x00, 0xDF, 0xF8, 0x00, 0x07, 0xFF,
    0xF9, 0xE0, 0x00, 0x00, 0xFF, 0xFE, 0x00, 0x07, 0xFF, 0xF9, 0xE0, 0x00,
    0x00, 0xFF, 0xFF, 0xE0, 0x07, 0xFF, 0xFB, 0xE0, 0x00, 0x00, 0xFF, 0xFF,
    0xFC, 0x07, 0xFF, 0xFF, 0xC0, 0x00, 0x00, 0xFF, 0xFF, 0xFC, 0x03, 0xFF,
    0xFF, 0xC0, 0x00, 0x00, 0x7F, 0xFF, 0xFC, 0x07, 0xFF, 0xFF, 0x80, 0x00,
    0x00, 0x3F, 0xFF, 0xFC, 0x3F, 0xC7, 0xFF, 0x00, 0x00, 0x00, 0x1F, 0xFF,
    0xFD, 0xFF, 0x01, 0xFE, 0x00, 0x00, 0x00, 0x03, 0x3F, 0x9F, 0xEE, 0x00,
    0xF0, 0x00, 0x00, 0x00, 0x00, 0x7F, 0x1E, 0x0C, 0x00, 0xF8, 0x00, 0x00,
    0x00, 0x00, 0xFE, 0x00, 0x08, 0x00, 0x78, 0x00, 0x00, 0x00, 0x00, 0x00,
    0x00, 0x00, 0x00, 0x00, 0x00, 0x00, 0x00, 0x00, 0x00, 0x00, 0x00, 0x00,
    0x00, 0x00, 0x00, 0x00, 0x00, 0x00, 0x00, 0x00, 0x00, 0x00, 0x00, 0x00,
    0x00, 0x00, 0x00, 0x00, 0x00, 0x00, 0x00, 0x00, 0x00, 0x00, 0x00, 0x00,
    0x00, 0x00, 0x00, 0x00, 0x00, 0x00, 0x00, 0x00, 0x00, 0x00, 0x00, 0x00,
    0x00, 0x00, 0x00, 0x00, 0x00, 0x00, 0x00, 0x00, 0x00, 0x00, 0x00, 0x00,
    0x00, 0x00, 0x00, 0x04, 0x18, 0x00, 0x00, 0x00, 0x00, 0x00, 0x00, 0x00,
    0x0E, 0x3C, 0x00, 0x00, 0x00, 0x00, 0x00, 0x00, 0x00, 0x06, 0x66, 0x00,
    0x00, 0x00, 0x00, 0x00, 0x00, 0x00, 0x06, 0x66, 0x00, 0x00, 0x00, 0x00,
    0x00, 0x00, 0x00, 0x06, 0x66, 0x00, 0x00, 0x00, 0x00, 0x00, 0x00, 0x00,
    0x06, 0x66, 0x00, 0x00, 0x00, 0x00, 0x00, 0x00, 0x00, 0x06, 0x7C, 0x00,
    0x00, 0x00, 0x00, 0x00, 0x00, 0x00, 0x02, 0x38, 0x00, 0x00, 0x00, 0x00,
    0x00, 0x00, 0x00, 0x00, 0x00, 0x00, 0x00, 0x00, 0x00, 0x00, 0x00, 0x00,
    0x00, 0x00, 0x00, 0x00, 0x00, 0x00, 0x00, 0x00, 0x00, 0x00, 0x00, 0x00,
    0x00, 0x00, 0x00, 0x00, 0x00, 0x00, 0x00, 0x00, 0x00, 0x00, 0x00, 0x00
};
static const Frame angry_frames[] = {
    Frame{72, 76, angry_frame_1},
    Frame{72, 76, angry_frame_2},
    Frame{72, 76, angry_frame_3},
    Frame{72, 76, angry_frame_4},
    Frame{72, 76, angry_frame_5},
    Frame{72, 76, angry_frame_6},
    Frame{72, 76, angry_frame_7},
    Frame{72, 76, angry_frame_8},
    Frame{72, 76, angry_frame_9},
    Frame{72, 76, angry_frame_10},
};

static const uint8_t surprised_frame_1[] = {
    0x00, 0x00, 0x00, 0x00, 0x00, 0x00, 0x00, 0x00, 0x00, 0x00, 0x00, 0x00,
    0x00, 0x00, 0x00, 0x00, 0x00, 0x00, 0x00, 0x00, 0x00, 0x00, 0x00, 0x00,
    0x00, 0x00, 0x00, 0x00, 0x00, 0x00, 0x00, 0x00, 0x00, 0x00, 0x00, 0x00,
    0x00, 0x00, 0xC0, 0x00, 0x00, 0x00, 0x00, 0x00, 0x00, 0x00, 0x00, 0xE0,
    0x00, 0x0F, 0x00, 0x00, 0x00, 0x00, 0x00, 0x00, 0xE0, 0x00, 0xFF, 0xF8,
    0x00, 0x00, 0x00, 0x00, 0x00, 0x60, 0x07, 0xFF, 0xFE, 0x00, 0x00, 0x03,
    0x00, 0x08, 0x60, 0x1F, 0x00, 0xFF, 0x80, 0x00, 0x03, 0x00, 0x1C, 0x20,
    0x38, 0x40, 0x1F, 0xE0, 0x00, 0x03, 0x00, 0x0F, 0x00, 0xFF, 0xFE, 0x07,
    0xF0, 0x00, 0x00, 0x00, 0x07, 0x81, 0xFF, 0xFF, 0x83, 0xF8, 0x00, 0x00,
    0x00, 0x01, 0x83, 0xFF, 0xFF, 0xC1, 0xF8, 0x00, 0x00, 0x00, 0x00, 0x07,
    0xFF, 0xFF, 0xE0, 0xFC, 0x00, 0x06, 0x00, 0x3C, 0x0F, 0xFF, 0xFF, 0xF0,
    0x7E, 0x00, 0x0F, 0x00, 0x7E, 0x1F, 0xFF, 0xFF, 0xF8, 0x3F, 0x00, 0x07,
    0x00, 0x3E, 0x1F, 0xFF, 0xFF, 0xFC, 0x3F, 0x00, 0x00, 0x00, 0x00, 0x3F,
    0xFF, 0xFF, 0xFE, 0x1F, 0x80, 0x00, 0x00, 0x00, 0x3F, 0xFF, 0xFF, 0xFE,
    0x1F, 0x80, 0x00, 0x00, 0x00, 0x7F, 0xFF, 0xFF, 0xFF, 0x1F, 0x80, 0x00,
    0x00, 0x00, 0x7F, 0xFF, 0xFF, 0xFF, 0x0F, 0xC0, 0x00, 0x00, 0x00, 0xFF,
    0xFF, 0xFF, 0xFF, 0x0F, 0xC0, 0x00, 0x00, 0x00, 0xFF, 0xFF, 0xFF, 0xFF,
    0x8F, 0xC0, 0x00, 0x00, 0x00, 0xFF, 0xFF, 0xFF, 0xFF, 0xFF, 0xE0, 0x00,
    0x00, 0x00, 0xFF, 0xFF, 0xFF, 0xFF, 0xFF, 0xE0, 0x00, 0x00, 0x00, 0xFF,
    0xFF, 0xFF, 0xFF, 0xE7, 0xE0, 0x00, 0x00, 0x00, 0x7F, 0xFF, 0xDF, 0xFF,
    0xDF, 0xE0, 0x00, 0x00, 0x00, 0x7F, 0xEF, 0xEF, 0xFF, 0xFF, 0xE0, 0x00,
    0x00, 0x00, 0x3F, 0xEF, 0xF3, 0xFF, 0xFF, 0xF0, 0x00, 0x00, 0x00, 0x3F,
    0xE3, 0xC1, 0xFF, 0xFF, 0xF0, 0x00, 0x00, 0x00, 0x1F, 0x80, 0x3C, 0x7F,
    0xFF, 0xF0, 0x00, 0x00, 0x00, 0x1F, 0xC0, 0x7E, 0x0F, 0xFF, 0xF0, 0x00,
    0x00, 0x00, 0x1E, 0x40, 0xC6, 0x03, 0xFF, 0xF0, 0x00, 0x00, 0x00, 0x1C,
    0x60, 0x83, 0x01, 0xFF, 0xF8, 0x00, 0x00, 0x00, 0x1F, 0xA0, 0x73, 0x01,
    0xFF, 0xF8, 0x00, 0x00, 0x00, 0x1F, 0xA0, 0xF9, 0x03, 0xFF, 0xF8, 0x00,
    0x00, 0x00, 0x1F, 0xC0, 0xF9, 0x83, 0xFF, 0xFC, 0x00, 0x00, 0x00, 0x1F,
    0xC0, 0xF9, 0x03, 0xFF, 0xFC, 0x00, 0x00, 0x00, 0x1F, 0x80, 0x7B, 0x03,
    0xFF, 0xFC, 0x00, 0x00, 0x00, 0x1F, 0x80, 0x73, 0x07, 0xFF, 0xFE, 0x00,
    0x00, 0x00, 0x1C, 0x00, 0x06, 0x07, 0xFF, 0xFE, 0x00, 0x00, 0x00, 0x1C,
    0x00, 0x04, 0x07, 0xFF, 0xFE, 0x00, 0x00, 0x00, 0x1C, 0x00, 0x00, 0x07,
    0xFF, 0xFE, 0x00, 0x00, 0x00, 0x1E, 0x0F, 0x00, 0x06, 0xFF, 0xFF, 0x00,
    0x00, 0x00, 0x1E, 0x0F, 0x80, 0x0F, 0xFF, 0xFF, 0x00, 0x00, 0x00, 0x1F,
    0x18, 0x80, 0x0F, 0xFF, 0xE7, 0x00, 0x00, 0x02, 0x3F, 0x88, 0x80, 0x0F,
    0xFF, 0xE7, 0x00, 0x00, 0x03, 0x3F, 0xCD, 0x80, 0x0F, 0xFF, 0xE7, 0x00,
    0x00, 0x03, 0x7F, 0xE7, 0x80, 0x1F, 0xFF, 0xEF, 0x00, 0x00, 0x03, 0xFF,
    0xF8, 0x00, 0x1F, 0xFF, 0xCF, 0x00, 0x00, 0x03, 0xFF, 0xFF, 0x00, 0x1F,
    0xFF, 0xDF, 0x00, 0x00, 0x03, 0xFF, 0xFF, 0xE0, 0x1F, 0xFF, 0xFE, 0x00,
    0x00, 0x03, 0xFF, 0xFF, 0xE0, 0x0F, 0xFF, 0xFE, 0x00, 0x00, 0x01, 0xFF,
    0xFF, 0xE0, 0x1F, 0xFF, 0xFC, 0x00, 0x00, 0x00, 0xFF, 0xFF, 0xE0, 0x7F,
    0x3F, 0xF8, 0x00, 0x00, 0x00, 0x7F, 0xFF, 0xE7, 0xFC, 0x0F, 0xF0, 0x00,
    0x00, 0x00, 0x1E, 0xFE, 0x7F, 0xB8, 0x07, 0x80, 0x00, 0x00, 0x00, 0x01,
    0xFC, 0x78, 0x30, 0x03, 0xC0, 0x00, 0x00, 0x00, 0x03, 0xF8, 0x00, 0x20,
    0x03, 0xC0, 0x00, 0x00, 0x00, 0x00, 0x00, 0x00, 0x00, 0x00, 0x00, 0x00,
    0x00, 0x00, 0x00, 0x00, 0x00, 0x00, 0x00, 0x00, 0x00, 0x00, 0x00, 0x00,
    0x00, 0x00, 0x00, 0x00, 0x00, 0x00, 0x00, 0x00, 0x00, 0x00, 0x00, 0x00,
    0x00, 0x00, 0x00, 0x00, 0x00, 0x00, 0x00, 0x00, 0x00, 0x00, 0x00, 0x00,
    0x00, 0x00, 0x00, 0x00, 0x00, 0x00, 0x00, 0x00, 0x00, 0x00, 0x00, 0x00,
    0x00, 0x00, 0x00, 0x00, 0x00, 0x00, 0x00, 0x00, 0x00, 0x00, 0x06, 0x00,
    0x00, 0x00, 0x00, 0x00, 0x00, 0x00, 0x00, 0x07, 0x00, 0x00, 0x00, 0x00,
    0x00, 0x00, 0x00, 0x00, 0x03, 0x00, 0x00, 0x00, 0x00, 0x00, 0x00, 0x00,
    0x00, 0x03, 0x00, 0x00, 0x00, 0x00, 0x00, 0x00, 0x00, 0x00, 0x03, 0x00,
    0x00, 0x00, 0x00, 0x00, 0x00, 0x00, 0x00, 0x03, 0x00, 0x00, 0x00, 0x00,
    0x00, 0x00, 0x00, 0x00, 0x03, 0x00, 0x00, 0x00, 0x00, 0x00, 0x00, 0x00,
    0x00, 0x00, 0x00, 0x00, 0x00, 0x00, 0x00, 0x00, 0x00, 0x00, 0x00, 0x00,
    0x00, 0x00, 0x00, 0x00, 0x00, 0x00, 0x00, 0x00, 0x00, 0x00, 0x00, 0x00
};
static const uint8_t surprised_frame_2[] = {
    0x00, 0x00, 0x00, 0x00, 0x00, 0x00, 0x00, 0x00, 0x00, 0x00, 0x00, 0x00,
    0x00, 0x00, 0x00, 0x00, 0x00, 0x00, 0x00, 0x00, 0x00, 0x00, 0x00, 0x00,
    0x00, 0x00, 0x00, 0x00, 0x00, 0x10, 0x00, 0x00, 0x00, 0x00, 0x00, 0x00,
    0x00, 0x00, 0x38, 0x00, 0x00, 0x00, 0x00, 0x00, 0x00, 0x00, 0x00, 0x18,
    0x00, 0x03, 0xE0, 0x00, 0x00, 0x00, 0x00, 0x00, 0x1C, 0x00, 0x3F, 0xFE,
    0x00, 0x00, 0x00, 0x00, 0x07, 0x0C, 0x01, 0xFF, 0xFF, 0xC0, 0x00, 0x00,
    0x00, 0x07, 0x8C, 0x03, 0xC0, 0x3F, 0xF0, 0x00, 0x00, 0x00, 0x03, 0xC0,
    0x0F, 0x18, 0x07, 0xF8, 0x00, 0x00, 0x00, 0x01, 0xE0, 0x1F, 0xFF, 0x81,
    0xFC, 0x00, 0x00, 0x00, 0x00, 0x60, 0x7F, 0xFF, 0xE0, 0xFE, 0x00, 0x00,
    0x00, 0x00, 0x00, 0xFF, 0xFF, 0xF0, 0x3F, 0x00, 0x00, 0x00, 0x0E, 0x01,
    0xFF, 0xFF, 0xFC, 0x3F, 0x80, 0x01, 0x00, 0x1F, 0xC3, 0xFF, 0xFF, 0xFE,
    0x1F, 0x80, 0x03, 0x00, 0x0F, 0xC3, 0xFF, 0xFF, 0xFE, 0x0F, 0xC0, 0x03,
    0x00, 0x00, 0x07, 0xFF, 0xFF, 0xFF, 0x07, 0xE0, 0x00, 0x00, 0x00, 0x0F,
    0xFF, 0xFF, 0xFF, 0x87, 0xE0, 0x00, 0x00, 0x00, 0x0F, 0xFF, 0xFF, 0xFF,
    0x87, 0xE0, 0x00, 0x80, 0x00, 0x1F, 0xFF, 0xFF, 0xFF, 0xC3, 0xF0, 0x00,
    0x80, 0x00, 0x1F, 0xFF, 0xFF, 0xFF, 0xC3, 0xF0, 0x00, 0x80, 0x00, 0x3F,
    0xFF, 0xFF, 0xFF, 0xE3, 0xF0, 0x00, 0xC0, 0x00, 0x3F, 0xFF, 0xFF, 0xFF,
    0xE3, 0xF8, 0x00, 0xC0, 0x00, 0x3F, 0xFF, 0xFF, 0xFF, 0xFF, 0xF8, 0x00,
    0xC0, 0x00, 0x3F, 0xFF, 0xFF, 0xFF, 0xFF, 0xF8, 0x00, 0xC0, 0x00, 0x3F,
    0xFF, 0xFF, 0xFF, 0xF9, 0xF8, 0x00, 0xE0, 0x00, 0x1F, 0xFF, 0xFB, 0xFF,
    0xF7, 0x7C, 0x00, 0xE0, 0x00, 0x1F, 0xFB, 0xFD, 0xFF, 0xFF, 0xFC, 0x00,
    0xE0, 0x00, 0x0F, 0xF9, 0xFE, 0xFF, 0xFF, 0xFC, 0x00, 0xE0, 0x00, 0x07,
    0xF8, 0xFC, 0x3F, 0xFF, 0xFC, 0x00, 0xE0, 0x00, 0x07, 0xE0, 0x0F, 0x1F,
    0xFF, 0xFC, 0x00, 0xF0, 0x00, 0x07, 0xF0, 0x1F, 0x83, 0xFF, 0xFE, 0x00,
    0xF0, 0x00, 0x07, 0x90, 0x31, 0xC0, 0x7F, 0xFE, 0x00, 0xF0, 0x00, 0x07,
    0x18, 0x00, 0xC0, 0x7F, 0xFE, 0x00, 0xF0, 0x00, 0x07, 0xE8, 0x1C, 0x40,
    0x7F, 0xFE, 0x00, 0xF0, 0x00, 0x07, 0xE0, 0x1E, 0x60, 0x7F, 0xFE, 0x00,
    0xF8, 0x00, 0x07, 0xF0, 0x1E, 0x60, 0x7F, 0xFF, 0x00, 0xF8, 0x00, 0x07,
    0xF0, 0x1E, 0x60, 0xFF, 0xFF, 0x00, 0xFC, 0x00, 0x07, 0xE0, 0x1E, 0x40,
    0xFF, 0xFF, 0x80, 0xFC, 0x00, 0x07, 0xE0, 0x1C, 0xC0, 0xFF, 0xFF, 0x80,
    0xFC, 0x00, 0x07, 0x00, 0x01, 0x80, 0xFF, 0xFF, 0x80, 0xFE, 0x00, 0x07,
    0x00, 0x00, 0x00, 0xFF, 0xFF, 0xC0, 0xFE, 0x00, 0x07, 0x00, 0x00, 0x00,
    0xFF, 0xFF, 0xC0, 0xEE, 0x00, 0x07, 0x83, 0xC0, 0x01, 0xFF, 0xFD, 0xC0,
    0xEE, 0x00, 0x07, 0x83, 0x60, 0x01, 0xFF, 0xFD, 0xC0, 0xEE, 0x00, 0x07,
    0xC6, 0x20, 0x01, 0xFF, 0xFD, 0xC0, 0xEE, 0x00, 0x8F, 0xE2, 0x30, 0x01,
    0xFF, 0xFD, 0xC0, 0xCE, 0x00, 0xCF, 0xF3, 0xE0, 0x03, 0xFF, 0xF9, 0xC0,
    0xCE, 0x00, 0xDF, 0xF9, 0xE0, 0x07, 0xFF, 0xF9, 0xC0, 0xDE, 0x00, 0xFF,
    0xFE, 0x00, 0x07, 0xFF, 0xFB, 0xC0, 0xBE, 0x00, 0xFF, 0xFF, 0xC0, 0x07,
    0xFF, 0xF7, 0xC0, 0xFE, 0x00, 0xFF, 0xFF, 0xF8, 0x07, 0xFF, 0xFF, 0xC0,
    0xFC, 0x00, 0xFF, 0xFF, 0xFC, 0x03, 0xFF, 0xFF, 0x80, 0xFC, 0x00, 0x7F,
    0xFF, 0xF8, 0x03, 0xFF, 0xFF, 0x80, 0xF8, 0x00, 0x3F, 0xFF, 0xF8, 0x1F,
    0xC7, 0xFF, 0x00, 0xE0, 0x00, 0x1F, 0xFF, 0xF9, 0xFF, 0x03, 0xFC, 0x00,
    0x80, 0x00, 0x07, 0xBF, 0x9F, 0xEE, 0x01, 0xF0, 0x00, 0x80, 0x00, 0x00,
    0x7F, 0x1F, 0x0C, 0x00, 0xF0, 0x00, 0xC0, 0x00, 0x00, 0xFE, 0x00, 0x08,
    0x00, 0xF8, 0x00, 0x00, 0x00, 0x00, 0x00, 0x00, 0x00, 0x00, 0x00, 0x00,
    0x00, 0x00, 0x00, 0x00, 0x00, 0x00, 0x00, 0x00, 0x00, 0x00, 0x00, 0x00,
    0x00, 0x00, 0x00, 0x00, 0x00, 0x00, 0x00, 0x00, 0x00, 0x00, 0x00, 0x00,
    0x00, 0x00, 0x00, 0x00, 0x00, 0x00, 0x00, 0x00, 0x00, 0x00, 0x00, 0x00,
    0x00, 0x00, 0x00, 0x00, 0x00, 0x00, 0x00, 0x00, 0x00, 0x00, 0x00, 0x00,
    0x00, 0x00, 0x00, 0x00, 0x00, 0x00, 0x00, 0x00, 0x00, 0x00, 0x01, 0xC0,
    0x00, 0x00, 0x00, 0x00, 0x00, 0x00, 0x00, 0x03, 0x60, 0x00, 0x00, 0x00,
    0x00, 0x00, 0x00, 0x00, 0x00, 0x60, 0x00, 0x00, 0x00, 0x00, 0x00, 0x00,
    0x00, 0x00, 0xC0, 0x00, 0x00, 0x00, 0x00, 0x00, 0x00, 0x00, 0x01, 0x80,
    0x00, 0x00, 0x00, 0x00, 0x00, 0x00, 0x00, 0x03, 0x00, 0x00, 0x00, 0x00,
    0x00, 0x00, 0x00, 0x00, 0x03, 0xE0, 0x00, 0x00, 0x00, 0x00, 0x00, 0x00,
    0x00, 0x01, 0xC0, 0x00, 0x00, 0x00, 0x00, 0x00, 0x00, 0x00, 0x00, 0x00,
    0x00, 0x00, 0x00, 0x00, 0x00, 0x00, 0x00, 0x00, 0x00, 0x00, 0x00, 0x00
};
static const uint8_t surprised_frame_3[] = {
    0x00, 0x00, 0x00, 0x00, 0x00, 0x00, 0x00, 0x00, 0x00, 0x00, 0x00, 0x00,
    0x00, 0x00, 0x00, 0x00, 0x00, 0x00, 0x00, 0x00, 0x00, 0x00, 0x00, 0x00,
    0x00, 0x00, 0x00, 0x00, 0x08, 0x00, 0x00, 0x00, 0x00, 0x00, 0x00, 0x01,
    0x00, 0x1C, 0x00, 0x00, 0x00, 0x00, 0x00, 0x00, 0x03, 0x00, 0x0C, 0x00,
    0x00, 0xF0, 0x00, 0x00, 0x00, 0x01, 0x00, 0x0E, 0x00, 0x1F, 0xFF, 0x80,
    0x00, 0x00, 0x01, 0x01, 0x86, 0x00, 0x7F, 0xFF, 0xE0, 0x00, 0x00, 0x70,
    0x03, 0xC6, 0x01, 0xF0, 0x0F, 0xF8, 0x00, 0x00, 0x78, 0x01, 0xE0, 0x07,
    0x8C, 0x03, 0xFC, 0x00, 0x00, 0x3C, 0x00, 0xF0, 0x0F, 0xFF, 0xC0, 0xFE,
    0x00, 0x00, 0x1E, 0x00, 0x30, 0x1F, 0xFF, 0xF0, 0x3F, 0x00, 0x00, 0x06,
    0x00, 0x00, 0x3F, 0xFF, 0xFC, 0x1F, 0x80, 0x00, 0x00, 0x07, 0x00, 0x7F,
    0xFF, 0xFE, 0x0F, 0xC0, 0x00, 0xE0, 0x07, 0xE0, 0xFF, 0xFF, 0xFF, 0x07,
    0xE0, 0x01, 0xFC, 0x07, 0xE1, 0xFF, 0xFF, 0xFF, 0x87, 0xE0, 0x00, 0xFC,
    0x00, 0x03, 0xFF, 0xFF, 0xFF, 0xC3, 0xF0, 0x00, 0x00, 0x00, 0x03, 0xFF,
    0xFF, 0xFF, 0xC3, 0xF0, 0x00, 0x00, 0x00, 0x07, 0xFF, 0xFF, 0xFF, 0xE1,
    0xF8, 0x00, 0x00, 0x00, 0x07, 0xFF, 0xFF, 0xFF, 0xE1, 0xF8, 0x00, 0x01,
    0x00, 0x0F, 0xFF, 0xFF, 0xFF, 0xF1, 0xF8, 0x00, 0x01, 0x00, 0x0F, 0xFF,
    0xFF, 0xFF, 0xF1, 0xFC, 0x00, 0x01, 0x00, 0x0F, 0xFF, 0xFF, 0xFF, 0xF0,
    0xFC, 0x00, 0x03, 0x00, 0x0F, 0xFF, 0xFF, 0xFF, 0xFF, 0xFC, 0x00, 0x03,
    0x00, 0x0F, 0xFF, 0xFF, 0xFF, 0xFF, 0xFE, 0x00, 0x03, 0x00, 0x0F, 0xFF,
    0xFF, 0xFF, 0xFE, 0x7E, 0x00, 0x01, 0x00, 0x0F, 0xFF, 0xFD, 0xFF, 0xF9,
    0xBE, 0x00, 0x01, 0x00, 0x07, 0xFF, 0xFE, 0xFF, 0xFF, 0xFE, 0x00, 0x01,
    0x00, 0x07, 0xFE, 0xFF, 0x7F, 0xFF, 0xFE, 0x00, 0x00, 0x00, 0x03, 0xFE,
    0x3E, 0x1F, 0xFF, 0xFF, 0x00, 0x00, 0x00, 0x01, 0xF0, 0x03, 0x87, 0xFF,
    0xFF, 0x00, 0x00, 0x00, 0x01, 0xF8, 0x07, 0xC1, 0xFF, 0xFF, 0x00, 0x00,
    0x00, 0x01, 0xCC, 0x0C, 0x60, 0x3F, 0xFF, 0x00, 0x00, 0x00, 0x01, 0x84,
    0x08, 0x30, 0x1F, 0xFF, 0x00, 0x00, 0x00, 0x01, 0xB0, 0x06, 0x30, 0x3F,
    0xFF, 0x00, 0x00, 0x00, 0x01, 0xF8, 0x0F, 0x30, 0x3F, 0xFF, 0x80, 0x00,
    0x00, 0x01, 0xF8, 0x0F, 0x30, 0x3F, 0xFF, 0x80, 0x00, 0x00, 0x01, 0xF8,
    0x0F, 0x30, 0x3F, 0xFF, 0xC0, 0x00, 0x00, 0x01, 0xF8, 0x0F, 0x30, 0x3F,
    0xFF, 0xC0, 0x00, 0x00, 0x01, 0xB0, 0x07, 0x20, 0x7F, 0xFF, 0xC0, 0x00,
    0x00, 0x01, 0x80, 0x00, 0x60, 0x7F, 0xFF, 0xE0, 0x00, 0x00, 0x01, 0x80,
    0x00, 0x00, 0x7F, 0xFF, 0xE0, 0x00, 0x00, 0x03, 0xC0, 0x00, 0x00, 0x6F,
    0xFF, 0xE0, 0x00, 0x80, 0x03, 0xC0, 0xF0, 0x00, 0x6F, 0xFE, 0xE0, 0x00,
    0x80, 0x03, 0xE1, 0xB0, 0x00, 0xFF, 0xFE, 0xF0, 0x00, 0x80, 0x03, 0xE1,
    0x98, 0x00, 0xFF, 0xFE, 0xF0, 0x00, 0x80, 0x23, 0xF1, 0x98, 0x00, 0xFF,
    0xFE, 0xF0, 0x08, 0x80, 0x67, 0xF8, 0xF8, 0x01, 0xFF, 0xFE, 0xF0, 0x0C,
    0x80, 0x77, 0xFC, 0x70, 0x01, 0xFF, 0xFC, 0xF0, 0x0D, 0x80, 0x7F, 0xFF,
    0x00, 0x03, 0xFF, 0xFC, 0xF0, 0x0F, 0x80, 0x7F, 0xFF, 0xF0, 0x03, 0xFF,
    0xFD, 0xE0, 0x0F, 0x00, 0x7F, 0xFF, 0xFE, 0x01, 0xFF, 0xFF, 0xE0, 0x0F,
    0x00, 0x3F, 0xFF, 0xFE, 0x01, 0xFF, 0xFF, 0xE0, 0x0F, 0x00, 0x3F, 0xFF,
    0xFE, 0x01, 0xFF, 0xFF, 0xC0, 0x07, 0x00, 0x1F, 0xFF, 0xFE, 0x0F, 0xE3,
    0xFF, 0x80, 0x03, 0x00, 0x0F, 0xFF, 0xFE, 0xFF, 0x80, 0xFF, 0x00, 0x01,
    0x00, 0x01, 0xDF, 0xEF, 0xFB, 0x00, 0x78, 0x00, 0x00, 0x00, 0x00, 0x1F,
    0x8F, 0x86, 0x00, 0x78, 0x00, 0x00, 0x00, 0x00, 0x3F, 0x80, 0x06, 0x00,
    0x3C, 0x00, 0x00, 0x00, 0x00, 0x00, 0x00, 0x00, 0x00, 0x00, 0x00, 0x00,
    0x00, 0x00, 0x00, 0x00, 0x00, 0x00, 0x00, 0x00, 0x00, 0x00, 0x00, 0x00,
    0x00, 0x00, 0x00, 0x00, 0x00, 0x00, 0x00, 0x00, 0x00, 0x00, 0x00, 0x00,
    0x00, 0x00, 0x00, 0x00, 0x00, 0x00, 0x00, 0x00, 0x00, 0x00, 0x00, 0x00,
    0x00, 0x00, 0x00, 0x00, 0x00, 0x00, 0x00, 0x00, 0x00, 0x00, 0x00, 0x00,
    0x00, 0x00, 0x00, 0x00, 0x00, 0x00, 0x00, 0x00, 0x00, 0x00, 0xE0, 0x00,
    0x00, 0x00, 0x00, 0x00, 0x00, 0x00, 0x01, 0xB0, 0x00, 0x00, 0x00, 0x00,
    0x00, 0x00, 0x00, 0x00, 0x30, 0x00, 0x00, 0x00, 0x00, 0x00, 0x00, 0x00,
    0x00, 0xE0, 0x00, 0x00, 0x00, 0x00, 0x00, 0x00, 0x00, 0x00, 0x30, 0x00,
    0x00, 0x00, 0x00, 0x00, 0x00, 0x00, 0x01, 0x10, 0x00, 0x00, 0x00, 0x00,
    0x00, 0x00, 0x00, 0x01, 0xF0, 0x00, 0x00, 0x00, 0x00, 0x00, 0x00, 0x00,
    0x00, 0xE0, 0x00, 0x00, 0x00, 0x00, 0x00, 0x00, 0x00, 0x00, 0x00, 0x00,
    0x00, 0x00, 0x00, 0x00, 0x00, 0x00, 0x00, 0x00, 0x00, 0x00, 0x00, 0x00
};
static const uint8_t surprised_frame_4[] = {
    0x00, 0x00, 0x00, 0x00, 0x00, 0x00, 0x00, 0x00, 0x00, 0x00, 0x00, 0x00,
    0x00, 0x00, 0x00, 0x00, 0x00, 0x00, 0x00, 0x00, 0x00, 0x00, 0x00, 0x00,
    0x00, 0x00, 0x00, 0x01, 0x80, 0x00, 0x00, 0x00, 0x00, 0x00, 0x00, 0x20,
    0x01, 0xC0, 0x00, 0x00, 0x00, 0x00, 0x00, 0x00, 0x70, 0x01, 0xC0, 0x00,
    0x1E, 0x00, 0x00, 0x00, 0x00, 0x30, 0x00, 0xC0, 0x01, 0xFF, 0xF0, 0x00,
    0x00, 0x00, 0x38, 0x30, 0xE0, 0x0F, 0xFF, 0xFE, 0x00, 0x00, 0x06, 0x18,
    0x3C, 0x60, 0x3E, 0x01, 0xFF, 0x00, 0x00, 0x0F, 0x18, 0x1E, 0x00, 0x79,
    0xC0, 0x3F, 0xC0, 0x00, 0x07, 0x80, 0x0F, 0x01, 0xFF, 0xFC, 0x0F, 0xE0,
    0x00, 0x03, 0xC0, 0x03, 0x03, 0xFF, 0xFF, 0x07, 0xF0, 0x00, 0x00, 0xE0,
    0x00, 0x07, 0xFF, 0xFF, 0x83, 0xF8, 0x00, 0x00, 0x00, 0x60, 0x0F, 0xFF,
    0xFF, 0xC1, 0xF8, 0x00, 0x1C, 0x01, 0xFE, 0x1F, 0xFF, 0xFF, 0xE0, 0xFC,
    0x00, 0x1F, 0x83, 0x7C, 0x3F, 0xFF, 0xFF, 0xF0, 0x7E, 0x00, 0x1F, 0x87,
    0x00, 0x3F, 0xFF, 0xFF, 0xF8, 0x7E, 0x00, 0x00, 0x0F, 0x00, 0x7F, 0xFF,
    0xFF, 0xFC, 0x3F, 0x00, 0x00, 0x0F, 0x00, 0xFF, 0xFF, 0xFF, 0xFC, 0x3F,
    0x00, 0x00, 0x1F, 0x00, 0xFF, 0xFF, 0xFF, 0xFE, 0x1F, 0x80, 0x00, 0x1F,
    0x00, 0xFF, 0xFF, 0xFF, 0xFE, 0x1F, 0x80, 0x00, 0x3F, 0x01, 0xFF, 0xFF,
    0xFF, 0xFF, 0x1F, 0x80, 0x00, 0x3F, 0x01, 0xFF, 0xFF, 0xFF, 0xFF, 0x1F,
    0xC0, 0x00, 0x3F, 0x01, 0xFF, 0xFF, 0xFF, 0xFF, 0xFF, 0xC0, 0x00, 0x3F,
    0x01, 0xFF, 0xFF, 0xFF, 0xFF, 0xFF, 0xC0, 0x00, 0x3F, 0x01, 0xFF, 0xFF,
    0xFF, 0xFF, 0xCF, 0xC0, 0x00, 0x3F, 0x00, 0xFF, 0xFF, 0xFF, 0xFF, 0xBF,
    0xE0, 0x00, 0x3F, 0x00, 0xFF, 0xDF, 0xCF, 0xFF, 0xFF, 0xE0, 0x00, 0x1F,
    0x00, 0x7F, 0xCF, 0xE7, 0xFF, 0xFF, 0xE0, 0x00, 0x1F, 0x00, 0x7F, 0xC7,
    0xE3, 0xFF, 0xFF, 0xE0, 0x00, 0x0F, 0x00, 0x3F, 0x00, 0x78, 0xFF, 0xFF,
    0xE0, 0x00, 0x07, 0x00, 0x3F, 0x80, 0xFC, 0x1F, 0xFF, 0xE0, 0x00, 0x07,
    0x00, 0x38, 0x81, 0x8C, 0x03, 0xFF, 0xF0, 0x00, 0x07, 0x00, 0x38, 0xC0,
    0x06, 0x03, 0xFF, 0xF0, 0x00, 0x06, 0x00, 0x3F, 0x40, 0xE6, 0x03, 0xFF,
    0xF0, 0x00, 0x06, 0x00, 0x3F, 0x00, 0xF3, 0x03, 0xFF, 0xF0, 0x00, 0x07,
    0x00, 0x3F, 0x01, 0xF3, 0x07, 0xFF, 0xF8, 0x00, 0x07, 0x00, 0x3F, 0x01,
    0xF2, 0x07, 0xFF, 0xF8, 0x00, 0x07, 0x00, 0x3F, 0x00, 0xF6, 0x07, 0xFF,
    0xFC, 0x00, 0x07, 0x00, 0x3F, 0x00, 0xE6, 0x07, 0xFF, 0xFC, 0x00, 0x06,
    0x00, 0x38, 0x00, 0x0C, 0x07, 0xFF, 0xFC, 0x00, 0x06, 0x00, 0x38, 0x00,
    0x00, 0x0F, 0xFF, 0xFC, 0x00, 0x07, 0x00, 0x38, 0x00, 0x00, 0x0F, 0xFF,
    0xFE, 0x00, 0x07, 0x00, 0x3C, 0x1E, 0x00, 0x0F, 0xFF, 0xFE, 0x00, 0x0F,
    0x00, 0x3C, 0x1F, 0x00, 0x0F, 0xFF, 0xEE, 0x00, 0x0F, 0x00, 0x7E, 0x31,
    0x00, 0x0F, 0xFF, 0xCE, 0x00, 0x0F, 0x04, 0x7E, 0x11, 0x00, 0x0F, 0xFF,
    0xCE, 0x01, 0x8F, 0x04, 0x7F, 0x1F, 0x00, 0x1F, 0xFF, 0xCE, 0x01, 0x8F,
    0x0E, 0xFF, 0xCE, 0x00, 0x3F, 0xFF, 0xDE, 0x01, 0xDF, 0x0F, 0xFF, 0xF0,
    0x00, 0x3F, 0xFF, 0x9E, 0x01, 0xFF, 0x0F, 0xFF, 0xFE, 0x00, 0x3F, 0xFF,
    0xBE, 0x01, 0xFF, 0x07, 0xFF, 0xFF, 0xC0, 0x3F, 0xFF, 0xFE, 0x01, 0xFF,
    0x07, 0xFF, 0xFF, 0xC0, 0x1F, 0xFF, 0xFC, 0x00, 0xFF, 0x03, 0xFF, 0xFF,
    0xC0, 0x3F, 0xFF, 0xF8, 0x00, 0xFF, 0x01, 0xFF, 0xFF, 0xC1, 0xFE, 0x7F,
    0xF8, 0x00, 0x7F, 0x00, 0xFF, 0xFF, 0xCF, 0xF8, 0x1F, 0xE0, 0x00, 0x3F,
    0x00, 0x3B, 0xFC, 0xFF, 0x70, 0x0F, 0x80, 0x00, 0x0F, 0x00, 0x03, 0xF8,
    0xF8, 0x60, 0x0F, 0x80, 0x00, 0x00, 0x00, 0x07, 0xF0, 0x00, 0xC0, 0x07,
    0x80, 0x00, 0x00, 0x00, 0x00, 0x00, 0x00, 0x00, 0x00, 0x00, 0x00, 0x00,
    0x00, 0x00, 0x00, 0x00, 0x00, 0x00, 0x00, 0x00, 0x00, 0x00, 0x00, 0x00,
    0x00, 0x00, 0x00, 0x00, 0x00, 0x00, 0x00, 0x00, 0x00, 0x00, 0x00, 0x00,
    0x00, 0x00, 0x00, 0x00, 0x00, 0x00, 0x00, 0x00, 0x00, 0x00, 0x00, 0x00,
    0x00, 0x00, 0x00, 0x00, 0x00, 0x00, 0x00, 0x00, 0x00, 0x00, 0x00, 0x00,
    0x00, 0x00, 0x00, 0x00, 0x00, 0x00, 0x00, 0x00, 0x00, 0x04, 0x00, 0x00,
    0x00, 0x00, 0x00, 0x00, 0x00, 0x00, 0x0E, 0x00, 0x00, 0x00, 0x00, 0x00,
    0x00, 0x00, 0x00, 0x1E, 0x00, 0x00, 0x00, 0x00, 0x00, 0x00, 0x00, 0x00,
    0x16, 0x00, 0x00, 0x00, 0x00, 0x00, 0x00, 0x00, 0x00, 0x3E, 0x00, 0x00,
    0x00, 0x00, 0x00, 0x00, 0x00, 0x00, 0x3E, 0x00, 0x00, 0x00, 0x00, 0x00,
    0x00, 0x00, 0x00, 0x06, 0x00, 0x00, 0x00, 0x00, 0x00, 0x00, 0x00, 0x00,
    0x00, 0x00, 0x00, 0x00, 0x00, 0x00, 0x00, 0x00, 0x00, 0x00, 0x00, 0x00,
    0x00, 0x00, 0x00, 0x00, 0x00, 0x00, 0x00, 0x00, 0x00, 0x00, 0x00, 0x00
};
static const uint8_t surprised_frame_5[] = {
    0x00, 0x00, 0x00, 0x00, 0x00, 0x00, 0x00, 0x00, 0x00, 0x00, 0x00, 0x00,
    0x00, 0x00, 0x00, 0x00, 0x00, 0x00, 0x00, 0x00, 0x00, 0x00, 0x00, 0x00,
    0x00, 0x00, 0x00, 0x00, 0x18, 0x00, 0x00, 0x00, 0x00, 0x00, 0x00, 0x00,
    0x00, 0x18, 0x00, 0x00, 0x00, 0x00, 0x00, 0x00, 0x00, 0x00, 0x1C, 0x00,
    0x01, 0xF0, 0x00, 0x00, 0x00, 0x00, 0x00, 0x0C, 0x00, 0x1F, 0xFF, 0x00,
    0x00, 0x00, 0x00, 0x03, 0x0C, 0x00, 0xFF, 0xFF, 0xE0, 0x00, 0x00, 0x00,
    0x03, 0x86, 0x03, 0xE0, 0x1F, 0xF0, 0x00, 0x00, 0x00, 0x03, 0xC0, 0x07,
    0x9C, 0x03, 0xFC, 0x00, 0x00, 0x00, 0x00, 0xF0, 0x0F, 0xFF, 0xC0, 0xFE,
    0x00, 0x00, 0x00, 0x00, 0x70, 0x3F, 0xFF, 0xF0, 0x7F, 0x00, 0x00, 0x00,
    0x00, 0x00, 0x7F, 0xFF, 0xF8, 0x3F, 0x80, 0x00, 0x00, 0x0E, 0x00, 0xFF,
    0xFF, 0xFC, 0x1F, 0xC0, 0x00, 0x00, 0x0F, 0xC1, 0xFF, 0xFF, 0xFF, 0x0F,
    0xC0, 0x00, 0x00, 0x0F, 0xC3, 0xFF, 0xFF, 0xFF, 0x07, 0xE0, 0x00, 0x00,
    0x00, 0x03, 0xFF, 0xFF, 0xFF, 0x87, 0xE0, 0x00, 0x00, 0x00, 0x07, 0xFF,
    0xFF, 0xFF, 0xC3, 0xF0, 0x00, 0x00, 0x00, 0x0F, 0xFF, 0xFF, 0xFF, 0xC3,
    0xF0, 0x00, 0x00, 0x00, 0x0F, 0xFF, 0xFF, 0xFF, 0xE1, 0xF8, 0x00, 0x00,
    0x00, 0x0F, 0xFF, 0xFF, 0xFF, 0xE1, 0xF8, 0x00, 0x00, 0x00, 0x1F, 0xFF,
    0xFF, 0xFF, 0xF1, 0xF8, 0x00, 0x00, 0x00, 0x1F, 0xFF, 0xFF, 0xFF, 0xF1,
    0xFC, 0x00, 0x00, 0x00, 0x1F, 0xFF, 0xFF, 0xFF, 0xFF, 0xFC, 0x00, 0x00,
    0x00, 0x1F, 0xFF, 0xFF, 0xFF, 0xFF, 0xFC, 0x00, 0x00, 0x00, 0x1F, 0xFF,
    0xFF, 0xFF, 0xFC, 0xFC, 0x00, 0x00, 0x00, 0x0F, 0xFF, 0xFF, 0xFF, 0xFB,
    0xFE, 0x00, 0x00, 0x00, 0x0F, 0xFD, 0xFE, 0xFF, 0xFF, 0xFE, 0x00, 0x00,
    0x00, 0x07, 0xFC, 0xFF, 0x7F, 0xFF, 0xFE, 0x00, 0x00, 0x00, 0x07, 0xFC,
    0x7C, 0x3F, 0xFF, 0xFE, 0x00, 0x00, 0x00, 0x03, 0xF0, 0x07, 0x07, 0xFF,
    0xFE, 0x00, 0x00, 0x00, 0x03, 0xF8, 0x0F, 0xC1, 0xFF, 0xFF, 0x00, 0x00,
    0x00, 0x03, 0x88, 0x18, 0xC0, 0x3F, 0xFF, 0x00, 0x00, 0x00, 0x03, 0x8C,
    0x10, 0x60, 0x3F, 0xFF, 0x00, 0x00, 0x00, 0x03, 0xE4, 0x0E, 0x60, 0x3F,
    0xFF, 0x00, 0x00, 0x00, 0x03, 0xF0, 0x1E, 0x20, 0x3F, 0xFF, 0x00, 0x00,
    0x00, 0x03, 0xF0, 0x1F, 0x20, 0x3F, 0xFF, 0x80, 0x00, 0x00, 0x03, 0xF0,
    0x1F, 0x20, 0x7F, 0xFF, 0x80, 0x00, 0x00, 0x03, 0xF0, 0x1E, 0x60, 0x7F,
    0xFF, 0xC0, 0x00, 0x00, 0x03, 0xF0, 0x0E, 0x60, 0x7F, 0xFF, 0xC0, 0x00,
    0x00, 0x03, 0x80, 0x00, 0xC0, 0x7F, 0xFF, 0xC0, 0x00, 0x00, 0x03, 0x80,
    0x00, 0x00, 0x7F, 0xFF, 0xE0, 0x00, 0x00, 0x03, 0x80, 0x00, 0x00, 0xFF,
    0xFF, 0xE0, 0x00, 0x00, 0x03, 0xC1, 0xE0, 0x00, 0xFF, 0xFF, 0xE0, 0x00,
    0x00, 0x03, 0xC3, 0xF0, 0x00, 0xFF, 0xFE, 0xE0, 0x00, 0x00, 0x03, 0xE3,
    0x30, 0x00, 0xFF, 0xFE, 0xE0, 0x00, 0x00, 0x47, 0xE3, 0x10, 0x00, 0xFF,
    0xFC, 0xE0, 0x00, 0x00, 0x47, 0xF1, 0xF0, 0x01, 0xFF, 0xFC, 0xE0, 0x00,
    0x00, 0xEF, 0xFC, 0xE0, 0x03, 0xFF, 0xFC, 0xE0, 0x00, 0x00, 0xFF, 0xFF,
    0x00, 0x03, 0xFF, 0xF9, 0xE0, 0x00, 0x00, 0xFF, 0xFF, 0xF0, 0x03, 0xFF,
    0xFB, 0xE0, 0x00, 0x00, 0x7F, 0xFF, 0xFC, 0x03, 0xFF, 0xFF, 0xE0, 0x00,
    0x00, 0x7F, 0xFF, 0xFC, 0x01, 0xFF, 0xFF, 0xC0, 0x00, 0x00, 0x3F, 0xFF,
    0xFC, 0x03, 0xFF, 0xFF, 0xC0, 0x00, 0x00, 0x3F, 0xFF, 0xFC, 0x1F, 0xE7,
    0xFF, 0x80, 0x00, 0x00, 0x0F, 0xFF, 0xFC, 0xFF, 0x81, 0xFE, 0x00, 0x00,
    0x00, 0x03, 0xBF, 0xCF, 0xF7, 0x00, 0xF8, 0x00, 0x00, 0x00, 0x00, 0x3F,
    0x8F, 0x06, 0x00, 0x78, 0x00, 0x00, 0x00, 0x00, 0x7F, 0x00, 0x0C, 0x00,
    0x78, 0x00, 0x00, 0x00, 0x00, 0x00, 0x00, 0x00, 0x00, 0x00, 0x00, 0x00,
    0x00, 0x00, 0x00, 0x00, 0x00, 0x00, 0x00, 0x00, 0x00, 0x00, 0x00, 0x00,
    0x00, 0x00, 0x00, 0x00, 0x00, 0x00, 0x00, 0x00, 0x00, 0x00, 0x00, 0x00,
    0x00, 0x00, 0x00, 0x00, 0x00, 0x00, 0x00, 0x00, 0x00, 0x00, 0x00, 0x00,
    0x00, 0x00, 0x00, 0x00, 0x00, 0x00, 0x00, 0x00, 0x00, 0x00, 0x00, 0x00,
    0x00, 0x00, 0x00, 0x00, 0x00, 0x00, 0x00, 0x00, 0x00, 0x01, 0xE0, 0x00,
    0x00, 0x00, 0x00, 0x00, 0x00, 0x00, 0x01, 0xC0, 0x00, 0x00, 0x00, 0x00,
    0x00, 0x00, 0x00, 0x01, 0x00, 0x00, 0x00, 0x00, 0x00, 0x00, 0x00, 0x00,
    0x01, 0xE0, 0x00, 0x00, 0x00, 0x00, 0x00, 0x00, 0x00, 0x00, 0x20, 0x00,
    0x00, 0x00, 0x00, 0x00, 0x00, 0x00, 0x01, 0x20, 0x00, 0x00, 0x00, 0x00,
    0x00, 0x00, 0x00, 0x01, 0xE0, 0x00, 0x00, 0x00, 0x00, 0x00, 0x00, 0x00,
    0x00, 0xC0, 0x00, 0x00, 0x00, 0x00, 0x00, 0x00, 0x00, 0x00, 0x00, 0x00,
    0x00, 0x00, 0x00, 0x00, 0x00, 0x00, 0x00, 0x00, 0x00, 0x00, 0x00, 0x00
};
static const uint8_t surprised_frame_6[] = {
    0x00, 0x00, 0x00, 0x00, 0x00, 0x00, 0x00, 0x00, 0x00, 0x00, 0x00, 0x00,
    0x00, 0x00, 0x00, 0x00, 0x00, 0x00, 0x00, 0x00, 0x00, 0x00, 0x00, 0x00,
    0x00, 0x00, 0x00, 0x00, 0x00, 0x00, 0x00, 0x00, 0x00, 0x00, 0x00, 0x00,
    0x00, 0x00, 0x00, 0x01, 0xFF, 0x80, 0x00, 0x00, 0x00, 0x00, 0x00, 0x00,
    0x0F, 0xFF, 0xF0, 0x00, 0x00, 0x00, 0x00, 0x00, 0x00, 0x3F, 0x8F, 0xFC,
    0x00, 0x00, 0x00, 0x00, 0x00, 0x00, 0xF0, 0x00, 0xFF, 0x00, 0x00, 0x00,
    0x00, 0x00, 0x01, 0xFF, 0xE0, 0x3F, 0x80, 0x00, 0x00, 0x00, 0x00, 0x07,
    0xFF, 0xFC, 0x1F, 0xC0, 0x00, 0x00, 0x00, 0x00, 0x0F, 0xFF, 0xFE, 0x07,
    0xE0, 0x00, 0x00, 0x00, 0x00, 0x1F, 0xFF, 0xFF, 0x83, 0xF0, 0x00, 0x00,
    0x00, 0x00, 0x3F, 0xFF, 0xFF, 0xC3, 0xF8, 0x00, 0x00, 0x00, 0x00, 0x3F,
    0xFF, 0xFF, 0xE1, 0xF8, 0x00, 0x00, 0x00, 0x00, 0x7F, 0xFF, 0xFF, 0xE0,
    0xFC, 0x00, 0x00, 0x00, 0x00, 0xFF, 0xFF, 0xFF, 0xF0, 0xFC, 0x00, 0x00,
    0x00, 0x00, 0xFF, 0xFF, 0xFF, 0xF8, 0x7E, 0x00, 0x00, 0x00, 0x01, 0xFF,
    0xFF, 0xFF, 0xF8, 0x7E, 0x00, 0x00, 0x00, 0x01, 0xFF, 0xFF, 0xFF, 0xFC,
    0x7E, 0x00, 0x00, 0x00, 0x03, 0xFF, 0xFF, 0xFF, 0xFC, 0x7F, 0x00, 0x00,
    0x00, 0x03, 0xFF, 0xFF, 0xFF, 0xFC, 0x3F, 0x00, 0x00, 0x00, 0x03, 0xFF,
    0xFF, 0xFF, 0xFF, 0xFF, 0x00, 0x00, 0x00, 0x03, 0xFF, 0xFF, 0xFF, 0xFF,
    0xFF, 0x80, 0x00, 0x00, 0x03, 0xFF, 0xFF, 0xFF, 0xFF, 0x9F, 0x80, 0x00,
    0x00, 0x03, 0xFF, 0xFF, 0x7F, 0xFF, 0x6F, 0x80, 0x00, 0x00, 0x01, 0xFF,
    0xFF, 0xBF, 0xFF, 0xFF, 0x80, 0x00, 0x00, 0x01, 0xFF, 0xBF, 0xDF, 0xFF,
    0xFF, 0x80, 0x00, 0x00, 0x00, 0xFF, 0x9F, 0xCF, 0xFF, 0xFF, 0xC0, 0x00,
    0x00, 0x00, 0x7E, 0x00, 0x03, 0xFF, 0xFF, 0xC0, 0x00, 0x00, 0x00, 0x70,
    0x00, 0x00, 0x7F, 0xFF, 0xC0, 0x00, 0x00, 0x00, 0x70, 0x00, 0x00, 0x0F,
    0xFF, 0xC0, 0x00, 0x00, 0x00, 0x70, 0x00, 0x00, 0x07, 0xFF, 0xC0, 0x00,
    0x00, 0x00, 0x60, 0x00, 0x00, 0x07, 0xFF, 0xE0, 0x00, 0x00, 0x00, 0x60,
    0x00, 0x00, 0x07, 0xFF, 0xE0, 0x00, 0x00, 0x00, 0x70, 0x00, 0x00, 0x07,
    0xFF, 0xE0, 0x00, 0x00, 0x00, 0x79, 0x81, 0x8C, 0x07, 0xFF, 0xF0, 0x00,
    0x00, 0x00, 0x7F, 0x81, 0xF8, 0x07, 0xFF, 0xF0, 0x00, 0x00, 0x00, 0x7F,
    0x00, 0xF8, 0x07, 0xFF, 0xF0, 0x00, 0x00, 0x00, 0x70, 0x00, 0x00, 0x07,
    0xFF, 0xF8, 0x00, 0x00, 0x00, 0x70, 0x00, 0x00, 0x07, 0xFF, 0xF8, 0x00,
    0x00, 0x00, 0x70, 0x00, 0x00, 0x07, 0xFF, 0xF8, 0x00, 0x00, 0x00, 0x78,
    0x00, 0x00, 0x03, 0xFF, 0xB8, 0x00, 0x00, 0x00, 0x78, 0x3C, 0x00, 0x07,
    0xFF, 0xBC, 0x00, 0x00, 0x00, 0xFC, 0x66, 0x00, 0x1F, 0xFF, 0xBC, 0x00,
    0x00, 0x08, 0xFE, 0x22, 0x00, 0x3F, 0xFF, 0xBC, 0x01, 0x00, 0x0C, 0xFF,
    0x00, 0x00, 0x7F, 0xFF, 0xBC, 0x03, 0x00, 0x0F, 0xFF, 0x80, 0x00, 0x7F,
    0xFF, 0xBC, 0x03, 0x00, 0x0F, 0xFF, 0xE0, 0x00, 0x7F, 0xFF, 0x3C, 0x03,
    0x00, 0x0F, 0xFF, 0xFF, 0x80, 0x7F, 0xFF, 0x7C, 0x03, 0x00, 0x0F, 0xFF,
    0xFF, 0x80, 0x7F, 0xFF, 0xF8, 0x01, 0x00, 0x0F, 0xFF, 0xFF, 0x80, 0x3F,
    0xFF, 0xF8, 0x01, 0x00, 0x07, 0xFF, 0xFF, 0x80, 0xFF, 0xFF, 0xF0, 0x00,
    0x00, 0x03, 0xFF, 0xFF, 0x83, 0xF8, 0x7F, 0xE0, 0x00, 0x00, 0x01, 0xFF,
    0xFF, 0xFF, 0xE0, 0x3F, 0x80, 0x00, 0x00, 0x00, 0x03, 0xF9, 0xFC, 0xC0,
    0x1E, 0x00, 0x00, 0x00, 0x00, 0x07, 0xF1, 0xC0, 0xC0, 0x0F, 0x00, 0x00,
    0x00, 0x00, 0x0F, 0xE0, 0x01, 0x80, 0x0F, 0x00, 0x00, 0x00, 0x00, 0x00,
    0x00, 0x00, 0x00, 0x00, 0x00, 0x00, 0x00, 0x00, 0x00, 0x00, 0x00, 0x00,
    0x00, 0x00, 0x00, 0x00, 0x00, 0x00, 0x00, 0x00, 0x00, 0x00, 0x00, 0x00,
    0x00, 0x00, 0x00, 0x00, 0x00, 0x00, 0x00, 0x00, 0x00, 0x00, 0x00, 0x00,
    0x00, 0x00, 0x00, 0x00, 0x00, 0x00, 0x00, 0x00, 0x00, 0x00, 0x00, 0x00,
    0x00, 0x00, 0x00, 0x00, 0x00, 0x00, 0x00, 0x00, 0x00, 0x00, 0x00, 0x00,
    0x00, 0x00, 0x00, 0x00, 0x0C, 0x00, 0x00, 0x00, 0x00, 0x00, 0x00, 0x00,
    0x00, 0x3E, 0x00, 0x00, 0x00, 0x00, 0x00, 0x00, 0x00, 0x00, 0x30, 0x00,
    0x00, 0x00, 0x00, 0x00, 0x00, 0x00, 0x00, 0x3C, 0x00, 0x00, 0x00, 0x00,
    0x00, 0x00, 0x00, 0x00, 0x36, 0x00, 0x00, 0x00, 0x00, 0x00, 0x00, 0x00,
    0x00, 0x22, 0x00, 0x00, 0x00, 0x00, 0x00, 0x00, 0x00, 0x00, 0x3E, 0x00,
    0x00, 0x00, 0x00, 0x00, 0x00, 0x00, 0x00, 0x1C, 0x00, 0x00, 0x00, 0x00,
    0x00, 0x00, 0x00, 0x00, 0x00, 0x00, 0x00, 0x00, 0x00, 0x00, 0x00, 0x00,
    0x00, 0x00, 0x00, 0x00, 0x00, 0x00, 0x00, 0x00, 0x00, 0x00, 0x00, 0x00,
    0x00, 0x00, 0x00, 0x00, 0x00, 0x00, 0x00, 0x00, 0x00, 0x00, 0x00, 0x00
};
static const uint8_t surprised_frame_7[] = {
    0x00, 0x00, 0x00, 0x00, 0x00, 0x00, 0x00, 0x00, 0x00, 0x00, 0x00, 0x00,
    0x00, 0x00, 0x00, 0x00, 0x00, 0x00, 0x00, 0x00, 0x00, 0x00, 0x00, 0x00,
    0x00, 0x00, 0x00, 0x00, 0x00, 0x00, 0x00, 0x00, 0x00, 0x00, 0x00, 0x00,
    0x00, 0x00, 0x00, 0x00, 0x07, 0xF0, 0x00, 0x00, 0x00, 0x00, 0x00, 0x00,
    0x00, 0x7F, 0xFF, 0x00, 0x00, 0x00, 0x00, 0x00, 0x00, 0x01, 0xFF, 0xFF,
    0xC0, 0x00, 0x00, 0x00, 0x00, 0x00, 0x07, 0x80, 0x3F, 0xF0, 0x00, 0x00,
    0x00, 0x00, 0x00, 0x1F, 0xFC, 0x07, 0xF8, 0x00, 0x00, 0x00, 0x00, 0x00,
    0x3F, 0xFF, 0x81, 0xFC, 0x00, 0x00, 0x00, 0x00, 0x00, 0x7F, 0xFF, 0xE0,
    0xFE, 0x00, 0x00, 0x00, 0x00, 0x00, 0xFF, 0xFF, 0xF0, 0x7F, 0x00, 0x00,
    0x00, 0x00, 0x01, 0xFF, 0xFF, 0xFC, 0x3F, 0x80, 0x00, 0x00, 0x00, 0x03,
    0xFF, 0xFF, 0xFE, 0x1F, 0x80, 0x00, 0x00, 0x00, 0x07, 0xFF, 0xFF, 0xFF,
    0x0F, 0xC0, 0x00, 0x00, 0x00, 0x07, 0xFF, 0xFF, 0xFF, 0x0F, 0xC0, 0x00,
    0x00, 0x00, 0x0F, 0xFF, 0xFF, 0xFF, 0x87, 0xE0, 0x00, 0x00, 0x00, 0x1F,
    0xFF, 0xFF, 0xFF, 0x87, 0xE0, 0x00, 0x80, 0x00, 0x1F, 0xFF, 0xFF, 0xFF,
    0xC3, 0xF0, 0x00, 0x80, 0x00, 0x1F, 0xFF, 0xFF, 0xFF, 0xC3, 0xF0, 0x00,
    0x80, 0x00, 0x3F, 0xFF, 0xFF, 0xFF, 0xE3, 0xF0, 0x00, 0xC0, 0x00, 0x3F,
    0xFF, 0xFF, 0xFF, 0xEF, 0xF8, 0x00, 0xC0, 0x00, 0x3F, 0xFF, 0xFF, 0xFF,
    0xFF, 0xF8, 0x00, 0xC0, 0x00, 0x3F, 0xFF, 0xFF, 0xFF, 0xFF, 0xF8, 0x00,
    0xC0, 0x00, 0x3F, 0xFF, 0xF7, 0xFF, 0xF8, 0xF8, 0x00, 0xC0, 0x00, 0x1F,
    0xFF, 0xFB, 0xFF, 0xF7, 0xFC, 0x00, 0xE0, 0x00, 0x1F, 0xFB, 0xFD, 0xFF,
    0xFF, 0xFC, 0x00, 0xE0, 0x00, 0x0F, 0xF9, 0xFC, 0xFF, 0xFF, 0xFC, 0x00,
    0xE0, 0x00, 0x07, 0xF8, 0xF0, 0x3F, 0xFF, 0xFC, 0x00, 0xE0, 0x00, 0x07,
    0x00, 0x00, 0x0F, 0xFF, 0xFC, 0x00, 0xE0, 0x00, 0x07, 0x00, 0x00, 0x01,
    0xFF, 0xFC, 0x00, 0xF0, 0x00, 0x07, 0x00, 0x00, 0x00, 0x7F, 0xFE, 0x00,
    0xF0, 0x00, 0x07, 0x00, 0x00, 0x00, 0x7F, 0xFE, 0x00, 0xF0, 0x00, 0x07,
    0x00, 0x00, 0x00, 0x7F, 0xFE, 0x00, 0xF8, 0x00, 0x07, 0x00, 0x00, 0x00,
    0x7F, 0xFF, 0x00, 0xF8, 0x00, 0x07, 0x88, 0x10, 0x80, 0x7F, 0xFF, 0x00,
    0xF8, 0x00, 0x07, 0xF8, 0x1F, 0xC0, 0x7F, 0xFF, 0x00, 0xFC, 0x00, 0x07,
    0xF8, 0x1F, 0x80, 0x7F, 0xFF, 0x80, 0xFC, 0x00, 0x07, 0x60, 0x07, 0x00,
    0x7F, 0xFF, 0x80, 0xFC, 0x00, 0x07, 0x00, 0x00, 0x00, 0x7F, 0xFF, 0x80,
    0xFE, 0x00, 0x07, 0x00, 0x00, 0x00, 0x3F, 0xFF, 0xC0, 0xFE, 0x00, 0x07,
    0x80, 0x00, 0x00, 0x3F, 0xFF, 0xC0, 0xEE, 0x00, 0x07, 0x81, 0xC0, 0x00,
    0x3F, 0xFD, 0xC0, 0xEE, 0x00, 0x07, 0xC3, 0xE0, 0x00, 0xFF, 0xFD, 0xC0,
    0xEE, 0x00, 0x0F, 0xC2, 0x20, 0x01, 0xFF, 0xFD, 0xC0, 0xCE, 0x00, 0x8F,
    0xE3, 0x60, 0x03, 0xFF, 0xF9, 0xC0, 0xCE, 0x00, 0xDF, 0xF9, 0xE0, 0x07,
    0xFF, 0xF9, 0xC0, 0xDE, 0x00, 0xFF, 0xFC, 0x00, 0x07, 0xFF, 0xFB, 0xC0,
    0xBE, 0x00, 0xFF, 0xFF, 0x80, 0x07, 0xFF, 0xF7, 0xC0, 0xFE, 0x00, 0xFF,
    0xFF, 0xF8, 0x07, 0xFF, 0xFF, 0xC0, 0xFC, 0x00, 0xFF, 0xFF, 0xF8, 0x03,
    0xFF, 0xFF, 0x80, 0xFC, 0x00, 0x7F, 0xFF, 0xF8, 0x03, 0xFF, 0xFF, 0x80,
    0xF8, 0x00, 0x3F, 0xFF, 0xF8, 0x1F, 0xFF, 0xFF, 0x00, 0xE0, 0x00, 0x1F,
    0xFF, 0xF9, 0xFF, 0x03, 0xFC, 0x00, 0x80, 0x00, 0x07, 0xBF, 0x9F, 0xFE,
    0x01, 0xF0, 0x00, 0x80, 0x00, 0x00, 0x7F, 0x1F, 0x0C, 0x00, 0xF0, 0x00,
    0xC0, 0x00, 0x00, 0xFE, 0x00, 0x08, 0x00, 0xF0, 0x00, 0x80, 0x00, 0x00,
    0x70, 0x00, 0x00, 0x00, 0x50, 0x00, 0x00, 0x00, 0x00, 0x00, 0x00, 0x00,
    0x00, 0x00, 0x00, 0x00, 0x00, 0x00, 0x00, 0x00, 0x00, 0x00, 0x00, 0x00,
    0x00, 0x00, 0x00, 0x00, 0x00, 0x00, 0x00, 0x00, 0x00, 0x00, 0x00, 0x00,
    0x00, 0x00, 0x00, 0x00, 0x00, 0x00, 0x00, 0x00, 0x00, 0x00, 0x00, 0x00,
    0x00, 0x00, 0x00, 0x00, 0x00, 0x00, 0x00, 0x00, 0x00, 0x00, 0x00, 0x00,
    0x00, 0x00, 0x00, 0x00, 0x00, 0x00, 0x00, 0x00, 0x00, 0x00, 0x00, 0x00,
    0x00, 0x03, 0xE0, 0x00, 0x00, 0x00, 0x00, 0x00, 0x00, 0x00, 0x00, 0x60,
    0x00, 0x00, 0x00, 0x00, 0x00, 0x00, 0x00, 0x00, 0xC0, 0x00, 0x00, 0x00,
    0x00, 0x00, 0x00, 0x00, 0x00, 0xC0, 0x00, 0x00, 0x00, 0x00, 0x00, 0x00,
    0x00, 0x00, 0x80, 0x00, 0x00, 0x00, 0x00, 0x00, 0x00, 0x00, 0x01, 0x80,
    0x00, 0x00, 0x00, 0x00, 0x00, 0x00, 0x00, 0x01, 0x80, 0x00, 0x00, 0x00,
    0x00, 0x00, 0x00, 0x00, 0x00, 0x00, 0x00, 0x00, 0x00, 0x00, 0x00, 0x00,
    0x00, 0x00, 0x00, 0x00, 0x00, 0x00, 0x00, 0x00, 0x00, 0x00, 0x00, 0x00,
    0x00, 0x00, 0x00, 0x00, 0x00, 0x00, 0x00, 0x00, 0x00, 0x00, 0x00, 0x00
};
static const uint8_t surprised_frame_8[] = {
    0x00, 0x00, 0x00, 0x00, 0x00, 0x00, 0x00, 0x00, 0x00, 0x00, 0x00, 0x00,
    0x00, 0x00, 0x00, 0x00, 0x00, 0x00, 0x00, 0x00, 0x00, 0x00, 0x00, 0x00,
    0x00, 0x00, 0x00, 0x00, 0x00, 0x00, 0x00, 0x00, 0x00, 0x00, 0x00, 0x00,
    0x00, 0x00, 0x00, 0x03, 0xFF, 0x80, 0x00, 0x00, 0x00, 0x00, 0x00, 0x00,
    0x1F, 0xFF, 0xF0, 0x00, 0x00, 0x00, 0x00, 0x00, 0x00, 0x7F, 0x3F, 0xFC,
    0x00, 0x00, 0x00, 0x00, 0x00, 0x00, 0xF0, 0x01, 0xFE, 0x00, 0x00, 0x00,
    0x00, 0x00, 0x03, 0xFF, 0xE0, 0x7F, 0x00, 0x00, 0x00, 0x00, 0x00, 0x07,
    0xFF, 0xF8, 0x1F, 0xC0, 0x00, 0x00, 0x00, 0x00, 0x0F, 0xFF, 0xFE, 0x0F,
    0xC0, 0x00, 0x00, 0x00, 0x00, 0x1F, 0xFF, 0xFF, 0x07, 0xE0, 0x00, 0x00,
    0x00, 0x00, 0x3F, 0xFF, 0xFF, 0x83, 0xF0, 0x00, 0x00, 0x00, 0x00, 0x7F,
    0xFF, 0xFF, 0xC1, 0xF8, 0x00, 0x00, 0x00, 0x00, 0xFF, 0xFF, 0xFF, 0xE1,
    0xF8, 0x00, 0x00, 0x00, 0x00, 0xFF, 0xFF, 0xFF, 0xF0, 0xFC, 0x00, 0x00,
    0x00, 0x01, 0xFF, 0xFF, 0xFF, 0xF0, 0xFC, 0x00, 0x00, 0x00, 0x03, 0xFF,
    0xFF, 0xFF, 0xF8, 0xFC, 0x00, 0x00, 0x00, 0x03, 0xFF, 0xFF, 0xFF, 0xF8,
    0x7E, 0x00, 0x00, 0x00, 0x03, 0xFF, 0xFF, 0xFF, 0xFC, 0x7E, 0x00, 0x00,
    0x00, 0x03, 0xFF, 0xFF, 0xFF, 0xFC, 0x7E, 0x00, 0x00, 0x00, 0x07, 0xFF,
    0xFF, 0xFF, 0xFD, 0xFF, 0x00, 0x00, 0x00, 0x07, 0xFF, 0xFF, 0xFF, 0xFF,
    0xFF, 0x00, 0x00, 0x00, 0x07, 0xFF, 0xFF, 0xFF, 0xFF, 0x3F, 0x00, 0x00,
    0x00, 0x03, 0xFF, 0xFE, 0xFF, 0xFE, 0x6F, 0x80, 0x00, 0x00, 0x03, 0xFF,
    0xFF, 0x7F, 0xFF, 0xFF, 0x80, 0x00, 0x00, 0x01, 0xFF, 0x7F, 0xBF, 0xFF,
    0xFF, 0x80, 0x00, 0x00, 0x01, 0xFF, 0x3F, 0xCF, 0xFF, 0xFF, 0x80, 0x00,
    0x00, 0x00, 0xFC, 0x00, 0x03, 0xFF, 0xFF, 0x80, 0x00, 0x00, 0x00, 0xE0,
    0x00, 0x00, 0xFF, 0xFF, 0x80, 0x00, 0x00, 0x00, 0xE0, 0x00, 0x00, 0x0F,
    0xFF, 0xC0, 0x00, 0x00, 0x00, 0xE0, 0x00, 0x00, 0x0F, 0xFF, 0xC0, 0x00,
    0x00, 0x00, 0xE0, 0x00, 0x00, 0x0F, 0xFF, 0xC0, 0x00, 0x00, 0x00, 0xE0,
    0x00, 0x00, 0x0F, 0xFF, 0xC0, 0x00, 0x00, 0x00, 0xE0, 0x00, 0x00, 0x0F,
    0xFF, 0xE0, 0x00, 0x00, 0x00, 0xF3, 0x03, 0x18, 0x0F, 0xFF, 0xE0, 0x00,
    0x80, 0x00, 0xFF, 0x03, 0xF8, 0x0F, 0xFF, 0xF0, 0x00, 0x80, 0x00, 0xFE,
    0x01, 0xF0, 0x0F, 0xFF, 0xF0, 0x00, 0x80, 0x00, 0xE0, 0x00, 0x00, 0x0F,
    0xFF, 0xF0, 0x00, 0xC0, 0x00, 0xE0, 0x00, 0x00, 0x07, 0xFF, 0xF8, 0x00,
    0xC0, 0x00, 0xE0, 0x00, 0x00, 0x07, 0xFF, 0xF8, 0x00, 0xC0, 0x00, 0xF0,
    0x10, 0x00, 0x07, 0xFF, 0xB8, 0x00, 0xC0, 0x00, 0xF0, 0x78, 0x00, 0x0F,
    0xFF, 0xB8, 0x00, 0xE0, 0x01, 0xF8, 0x6C, 0x00, 0x1F, 0xFF, 0xB8, 0x00,
    0xE0, 0x11, 0xFC, 0x6C, 0x00, 0x3F, 0xFF, 0xB8, 0x02, 0xE0, 0x19, 0xFE,
    0x3C, 0x00, 0x7F, 0xFF, 0x38, 0x06, 0xE0, 0x1F, 0xFF, 0x18, 0x00, 0xFF,
    0xFF, 0x38, 0x07, 0xE0, 0x1F, 0xFF, 0xC0, 0x00, 0xFF, 0xFF, 0x78, 0x07,
    0xC0, 0x1F, 0xFF, 0xFE, 0x00, 0xFF, 0xFE, 0xF8, 0x07, 0xC0, 0x1F, 0xFF,
    0xFF, 0x80, 0xFF, 0xFF, 0xF8, 0x03, 0xC0, 0x1F, 0xFF, 0xFF, 0x80, 0x7F,
    0xFF, 0xF0, 0x03, 0x80, 0x0F, 0xFF, 0xFF, 0x80, 0xFF, 0xFF, 0xF0, 0x01,
    0x00, 0x07, 0xFF, 0xFF, 0x07, 0xF0, 0xFF, 0xC0, 0x00, 0x00, 0x03, 0xFF,
    0xFF, 0xFF, 0xE0, 0x3F, 0x80, 0x00, 0x00, 0x00, 0x07, 0xF3, 0xFD, 0xC0,
    0x3E, 0x00, 0x00, 0x00, 0x00, 0x0F, 0xE3, 0xC1, 0x80, 0x1E, 0x00, 0x00,
    0x00, 0x00, 0x1F, 0xC0, 0x01, 0x00, 0x1E, 0x00, 0x00, 0x00, 0x00, 0x00,
    0x00, 0x00, 0x00, 0x00, 0x00, 0x00, 0x00, 0x00, 0x00, 0x00, 0x00, 0x00,
    0x00, 0x00, 0x00, 0x00, 0x00, 0x00, 0x00, 0x00, 0x00, 0x00, 0x00, 0x00,
    0x00, 0x00, 0x00, 0x00, 0x00, 0x00, 0x00, 0x00, 0x00, 0x00, 0x00, 0x00,
    0x00, 0x00, 0x00, 0x00, 0x00, 0x00, 0x00, 0x00, 0x00, 0x00, 0x00, 0x00,
    0x00, 0x00, 0x00, 0x00, 0x00, 0x00, 0x00, 0x00, 0x00, 0x00, 0x00, 0x00,
    0x00, 0x00, 0x00, 0x00, 0x38, 0x00, 0x00, 0x00, 0x00, 0x00, 0x00, 0x00,
    0x00, 0x7C, 0x00, 0x00, 0x00, 0x00, 0x00, 0x00, 0x00, 0x00, 0x4C, 0x00,
    0x00, 0x00, 0x00, 0x00, 0x00, 0x00, 0x00, 0x78, 0x00, 0x00, 0x00, 0x00,
    0x00, 0x00, 0x00, 0x00, 0x7C, 0x00, 0x00, 0x00, 0x00, 0x00, 0x00, 0x00,
    0x00, 0xCC, 0x00, 0x00, 0x00, 0x00, 0x00, 0x00, 0x00, 0x00, 0x7C, 0x00,
    0x00, 0x00, 0x00, 0x00, 0x00, 0x00, 0x00, 0x78, 0x00, 0x00, 0x00, 0x00,
    0x00, 0x00, 0x00, 0x00, 0x00, 0x00, 0x00, 0x00, 0x00, 0x00, 0x00, 0x00,
    0x00, 0x00, 0x00, 0x00, 0x00, 0x00, 0x00, 0x00, 0x00, 0x00, 0x00, 0x00,
    0x00, 0x00, 0x00, 0x00, 0x00, 0x00, 0x00, 0x00, 0x00, 0x00, 0x00, 0x00
};
static const uint8_t surprised_frame_9[] = {
    0x00, 0x00, 0x00, 0x00, 0x00, 0x00, 0x00, 0x00, 0x00, 0x00, 0x00, 0x00,
    0x00, 0x00, 0x00, 0x00, 0x00, 0x00, 0x00, 0x00, 0x00, 0x00, 0x00, 0x00,
    0x00, 0x00, 0x00, 0x00, 0x00, 0x00, 0x00, 0x00, 0x00, 0x00, 0x00, 0x00,
    0x00, 0x00, 0x00, 0xFF, 0xC0, 0x00, 0x00, 0x00, 0x00, 0x00, 0x00, 0x07,
    0xFF, 0xFC, 0x00, 0x00, 0x00, 0x00, 0x00, 0x00, 0x1F, 0xCF, 0xFE, 0x00,
    0x00, 0x00, 0x00, 0x00, 0x00, 0x78, 0x00, 0x7F, 0x80, 0x00, 0x00, 0x00,
    0x00, 0x00, 0xFF, 0xF8, 0x1F, 0xC0, 0x00, 0x00, 0x00, 0x00, 0x01, 0xFF,
    0xFE, 0x0F, 0xE0, 0x00, 0x00, 0x00, 0x00, 0x07, 0xFF, 0xFF, 0x83, 0xF0,
    0x00, 0x00, 0x00, 0x00, 0x0F, 0xFF, 0xFF, 0xC1, 0xF8, 0x00, 0x00, 0x01,
    0x00, 0x0F, 0xFF, 0xFF, 0xE0, 0xFC, 0x00, 0x00, 0x03, 0x00, 0x1F, 0xFF,
    0xFF, 0xF0, 0xFC, 0x00, 0x00, 0x07, 0x00, 0x3F, 0xFF, 0xFF, 0xF8, 0x7E,
    0x00, 0x00, 0x07, 0x00, 0x7F, 0xFF, 0xFF, 0xFC, 0x3E, 0x00, 0x00, 0x0F,
    0x00, 0x7F, 0xFF, 0xFF, 0xFC, 0x3F, 0x00, 0x00, 0x1F, 0x00, 0xFF, 0xFF,
    0xFF, 0xFE, 0x3F, 0x00, 0x00, 0x1F, 0x00, 0xFF, 0xFF, 0xFF, 0xFE, 0x1F,
    0x80, 0x00, 0x3F, 0x01, 0xFF, 0xFF, 0xFF, 0xFE, 0x1F, 0x80, 0x00, 0x3F,
    0x01, 0xFF, 0xFF, 0xFF, 0xFF, 0x1F, 0x80, 0x00, 0x3F, 0x01, 0xFF, 0xFF,
    0xFF, 0xFF, 0x7F, 0xC0, 0x00, 0x3F, 0x01, 0xFF, 0xFF, 0xFF, 0xFF, 0xFF,
    0xC0, 0x00, 0x3F, 0x01, 0xFF, 0xFF, 0xFF, 0xFF, 0xCF, 0xC0, 0x00, 0x3F,
    0x01, 0xFF, 0xFF, 0xBF, 0xFF, 0x97, 0xC0, 0x00, 0x3F, 0x00, 0xFF, 0xFF,
    0xDF, 0xFF, 0xFF, 0xC0, 0x00, 0x3F, 0x00, 0xFF, 0xDF, 0xEF, 0xFF, 0xFF,
    0xE0, 0x00, 0x1F, 0x00, 0x7F, 0xCF, 0xE3, 0xFF, 0xFF, 0xE0, 0x00, 0x0F,
    0x00, 0x3E, 0x00, 0x00, 0xFF, 0xFF, 0xE0, 0x00, 0x0F, 0x00, 0x38, 0x00,
    0x00, 0x3F, 0xFF, 0xE0, 0x00, 0x06, 0x00, 0x38, 0x00, 0x00, 0x03, 0xFF,
    0xE0, 0x00, 0x06, 0x00, 0x38, 0x00, 0x00, 0x03, 0xFF, 0xF0, 0x00, 0x06,
    0x00, 0x30, 0x00, 0x00, 0x03, 0xFF, 0xF0, 0x00, 0x06, 0x00, 0x30, 0x00,
    0x00, 0x03, 0xFF, 0xF0, 0x00, 0x06, 0x00, 0x30, 0x00, 0x00, 0x03, 0xFF,
    0xF8, 0x00, 0x06, 0x00, 0x3C, 0xC0, 0xC6, 0x03, 0xFF, 0xF8, 0x00, 0x07,
    0x00, 0x3F, 0xC0, 0xFE, 0x03, 0xFF, 0xF8, 0x00, 0x07, 0x00, 0x3F, 0x80,
    0x7C, 0x03, 0xFF, 0xFC, 0x00, 0x06, 0x00, 0x38, 0x00, 0x00, 0x03, 0xFF,
    0xFC, 0x00, 0x06, 0x00, 0x38, 0x00, 0x00, 0x03, 0xFF, 0xFC, 0x00, 0x0F,
    0x00, 0x38, 0x00, 0x00, 0x01, 0xFF, 0xFC, 0x00, 0x0F, 0x00, 0x38, 0x04,
    0x00, 0x01, 0xFF, 0xFE, 0x00, 0x0F, 0x00, 0x7C, 0x1E, 0x00, 0x03, 0xFF,
    0xFE, 0x00, 0x0F, 0x00, 0x7E, 0x1B, 0x00, 0x0F, 0xFF, 0xCE, 0x00, 0x0F,
    0x04, 0x7E, 0x1B, 0x00, 0x1F, 0xFF, 0xCE, 0x01, 0x8F, 0x04, 0x7F, 0x1F,
    0x00, 0x3F, 0xFF, 0xDE, 0x01, 0x9F, 0x0F, 0xFF, 0xCE, 0x00, 0x3F, 0xFF,
    0xDE, 0x01, 0xFF, 0x0F, 0xFF, 0xF0, 0x00, 0x3F, 0xFF, 0x9E, 0x01, 0xFF,
    0x0F, 0xFF, 0xFF, 0x80, 0x3F, 0xFF, 0xBE, 0x01, 0xFF, 0x07, 0xFF, 0xFF,
    0xC0, 0x3F, 0xFF, 0xFC, 0x01, 0xFF, 0x07, 0xFF, 0xFF, 0xC0, 0x1F, 0xFF,
    0xFC, 0x00, 0xFF, 0x03, 0xFF, 0xFF, 0xC0, 0x3F, 0xFF, 0xF8, 0x00, 0xFF,
    0x01, 0xFF, 0xFF, 0xC1, 0xFC, 0x3F, 0xF0, 0x00, 0x7F, 0x00, 0xFF, 0xFF,
    0xDF, 0xF0, 0x1F, 0xC0, 0x00, 0x1F, 0x00, 0x03, 0xFC, 0xFE, 0x60, 0x0F,
    0x80, 0x00, 0x00, 0x00, 0x03, 0xF0, 0xE0, 0x60, 0x07, 0x80, 0x00, 0x00,
    0x00, 0x07, 0xF0, 0x00, 0xC0, 0x07, 0x80, 0x00, 0x00, 0x00, 0x00, 0x00,
    0x00, 0x00, 0x00, 0x00, 0x00, 0x00, 0x00, 0x00, 0x00, 0x00, 0x00, 0x00,
    0x00, 0x00, 0x00, 0x00, 0x00, 0x00, 0x00, 0x00, 0x00, 0x00, 0x00, 0x00,
    0x00, 0x00, 0x00, 0x00, 0x00, 0x00, 0x00, 0x00, 0x00, 0x00, 0x00, 0x00,
    0x00, 0x00, 0x00, 0x00, 0x00, 0x00, 0x00, 0x00, 0x00, 0x00, 0x00, 0x00,
    0x00, 0x00, 0x00, 0x00, 0x00, 0x00, 0x00, 0x00, 0x00, 0x00, 0x00, 0x00,
    0x00, 0x00, 0x00, 0x0C, 0x00, 0x00, 0x00, 0x00, 0x00, 0x00, 0x00, 0x00,
    0x1E, 0x00, 0x00, 0x00, 0x00, 0x00, 0x00, 0x00, 0x00, 0x32, 0x00, 0x00,
    0x00, 0x00, 0x00, 0x00, 0x00, 0x00, 0x33, 0x00, 0x00, 0x00, 0x00, 0x00,
    0x00, 0x00, 0x00, 0x1E, 0x00, 0x00, 0x00, 0x00, 0x00, 0x00, 0x00, 0x00,
    0x02, 0x00, 0x00, 0x00, 0x00, 0x00, 0x00, 0x00, 0x00, 0x3E, 0x00, 0x00,
    0x00, 0x00, 0x00, 0x00, 0x00, 0x00, 0x1C, 0x00, 0x00, 0x00, 0x00, 0x00,
    0x00, 0x00, 0x00, 0x00, 0x00, 0x00, 0x00, 0x00, 0x00, 0x00, 0x00, 0x00,
    0x00, 0x00, 0x00, 0x00, 0x00, 0x00, 0x00, 0x00, 0x00, 0x00, 0x00, 0x00,
    0x00, 0x00, 0x00, 0x00, 0x00, 0x00, 0x00, 0x00, 0x00, 0x00, 0x00, 0x00
};
static const uint8_t surprised_frame_10[] = {
    0x00, 0x00, 0x00, 0x00, 0x00, 0x00, 0x00, 0x00, 0x00, 0x00, 0x00, 0x00,
    0x00, 0x00, 0x00, 0x00, 0x00, 0x00, 0x00, 0x00, 0x00, 0x00, 0x00, 0x00,
    0x00, 0x00, 0x00, 0x00, 0x00, 0x00, 0x00, 0x00, 0x00, 0x00, 0x00, 0x00,
    0x00, 0x00, 0x00, 0x0F, 0xFE, 0x00, 0x00, 0x00, 0x00, 0x00, 0x00, 0x00,
    0x7F, 0xFF, 0xC0, 0x00, 0x00, 0x00, 0x00, 0x00, 0x01, 0xFC, 0xFF, 0xF0,
    0x00, 0x00, 0x00, 0x00, 0x00, 0x07, 0x80, 0x07, 0xF8, 0x00, 0x00, 0x00,
    0x00, 0x00, 0x0F, 0xFF, 0x81, 0xFC, 0x00, 0x00, 0x00, 0x00, 0x00, 0x1F,
    0xFF, 0xE0, 0x7E, 0x00, 0x00, 0x00, 0x00, 0x00, 0x7F, 0xFF, 0xF8, 0x3F,
    0x00, 0x00, 0x00, 0x00, 0x00, 0xFF, 0xFF, 0xFC, 0x1F, 0x80, 0x00, 0x00,
    0x00, 0x01, 0xFF, 0xFF, 0xFE, 0x0F, 0xC0, 0x00, 0x00, 0x00, 0x01, 0xFF,
    0xFF, 0xFF, 0x0F, 0xE0, 0x00, 0x00, 0x00, 0x03, 0xFF, 0xFF, 0xFF, 0x87,
    0xE0, 0x00, 0x00, 0x00, 0x07, 0xFF, 0xFF, 0xFF, 0x83, 0xF0, 0x00, 0x00,
    0x00, 0x07, 0xFF, 0xFF, 0xFF, 0xC3, 0xF0, 0x00, 0x00, 0x00, 0x0F, 0xFF,
    0xFF, 0xFF, 0xC3, 0xF0, 0x00, 0x00, 0x00, 0x0F, 0xFF, 0xFF, 0xFF, 0xE1,
    0xF8, 0x00, 0x00, 0x00, 0x1F, 0xFF, 0xFF, 0xFF, 0xE1, 0xF8, 0x00, 0x00,
    0x00, 0x1F, 0xFF, 0xFF, 0xFF, 0xF1, 0xF8, 0x00, 0x00, 0x00, 0x1F, 0xFF,
    0xFF, 0xFF, 0xFF, 0xFC, 0x00, 0x00, 0x00, 0x1F, 0xFF, 0xFF, 0xFF, 0xFF,
    0xFC, 0x00, 0x00, 0x00, 0x1F, 0xFF, 0xFF, 0xFF, 0xFC, 0xFC, 0x00, 0x00,
    0x00, 0x1F, 0xFF, 0xFB, 0xFF, 0xFB, 0x7C, 0x00, 0x00, 0x00, 0x0F, 0xFF,
    0xFD, 0xFF, 0xF7, 0xFE, 0x00, 0x00, 0x00, 0x0F, 0xFD, 0xFE, 0xFF, 0xFF,
    0xFE, 0x00, 0x00, 0x00, 0x07, 0xFC, 0xFE, 0x3F, 0xFF, 0xFE, 0x00, 0x00,
    0x00, 0x03, 0xF0, 0x00, 0x0F, 0xFF, 0xFE, 0x00, 0x00, 0x00, 0x03, 0x80,
    0x00, 0x03, 0xFF, 0xFE, 0x00, 0x00, 0x00, 0x03, 0x80, 0x00, 0x00, 0x7F,
    0xFF, 0x00, 0x00, 0x00, 0x03, 0x80, 0x00, 0x00, 0x3F, 0xFF, 0x00, 0x00,
    0x00, 0x03, 0x00, 0x00, 0x00, 0x3F, 0xFF, 0x00, 0x00, 0x00, 0x03, 0x00,
    0x00, 0x00, 0x3F, 0xFF, 0x00, 0x00, 0x00, 0x03, 0x00, 0x00, 0x00, 0x3F,
    0xFF, 0x80, 0x00, 0x00, 0x03, 0xCC, 0x0C, 0x60, 0x3F, 0xFF, 0x80, 0x00,
    0x00, 0x03, 0xFC, 0x0F, 0xE0, 0x3F, 0xFF, 0xC0, 0x00, 0x00, 0x03, 0xF8,
    0x07, 0xC0, 0x3F, 0xFF, 0xC0, 0x00, 0x00, 0x03, 0x80, 0x00, 0x00, 0x3F,
    0xFF, 0xC0, 0x00, 0x00, 0x03, 0x80, 0x00, 0x00, 0x3F, 0xFF, 0xC0, 0x00,
    0x00, 0x03, 0x80, 0x00, 0x00, 0x1F, 0xFF, 0xE0, 0x00, 0x00, 0x03, 0xC0,
    0xC0, 0x00, 0x1F, 0xFF, 0xE0, 0x00, 0x00, 0x07, 0xC1, 0xE0, 0x00, 0x3F,
    0xFE, 0xE0, 0x00, 0x00, 0x07, 0xE1, 0x30, 0x00, 0xFF, 0xFE, 0xE0, 0x00,
    0x00, 0x47, 0xF1, 0x30, 0x01, 0xFF, 0xFC, 0xE0, 0x00, 0x00, 0x47, 0xF9,
    0xE0, 0x03, 0xFF, 0xFC, 0xE0, 0x00, 0x00, 0xFF, 0xFC, 0xC0, 0x03, 0xFF,
    0xFD, 0xE0, 0x00, 0x00, 0xFF, 0xFF, 0x00, 0x03, 0xFF, 0xF9, 0xE0, 0x00,
    0x00, 0xFF, 0xFF, 0xF8, 0x03, 0xFF, 0xFB, 0xE0, 0x00, 0x00, 0x7F, 0xFF,
    0xFC, 0x03, 0xFF, 0xFF, 0xE0, 0x00, 0x00, 0x7F, 0xFF, 0xFC, 0x01, 0xFF,
    0xFF, 0xC0, 0x00, 0x00, 0x3F, 0xFF, 0xFC, 0x03, 0xFF, 0xFF, 0x80, 0x00,
    0x00, 0x1F, 0xFF, 0xFC, 0x1F, 0xC3, 0xFF, 0x00, 0x00, 0x00, 0x0F, 0xFF,
    0xFF, 0xFF, 0x01, 0xFE, 0x00, 0x00, 0x00, 0x00, 0x3F, 0x8F, 0xE6, 0x00,
    0xF0, 0x00, 0x00, 0x00, 0x00, 0x3F, 0x0E, 0x06, 0x00, 0x78, 0x00, 0x00,
    0x00, 0x00, 0x7F, 0x00, 0x0C, 0x00, 0x78, 0x00, 0x00, 0x00, 0x00, 0x00,
    0x00, 0x00, 0x00, 0x00, 0x00, 0x00, 0x00, 0x00, 0x00, 0x00, 0x00, 0x00,
    0x00, 0x00, 0x00, 0x00, 0x00, 0x00, 0x00, 0x00, 0x00, 0x00, 0x00, 0x00,
    0x00, 0x00, 0x00, 0x00, 0x00, 0x00, 0x00, 0x00, 0x00, 0x00, 0x00, 0x00,
    0x00, 0x00, 0x00, 0x00, 0x00, 0x00, 0x00, 0x00, 0x00, 0x00, 0x00, 0x00,
    0x00, 0x00, 0x00, 0x00, 0x00, 0x00, 0x00, 0x00, 0x00, 0x00, 0x00, 0x00,
    0x00, 0x00, 0x00, 0x06, 0x18, 0x00, 0x00, 0x00, 0x00, 0x00, 0x00, 0x00,
    0x06, 0x3C, 0x00, 0x00, 0x00, 0x00, 0x00, 0x00, 0x00, 0x02, 0x66, 0x00,
    0x00, 0x00, 0x00, 0x00, 0x00, 0x00, 0x02, 0x66, 0x00, 0x00, 0x00, 0x00,
    0x00, 0x00, 0x00, 0x02, 0x66, 0x00, 0x00, 0x00, 0x00, 0x00, 0x00, 0x00,
    0x02, 0x66, 0x00, 0x00, 0x00, 0x00, 0x00, 0x00, 0x00, 0x02, 0x3C, 0x00,
    0x00, 0x00, 0x00, 0x00, 0x00, 0x00, 0x02, 0x1C, 0x00, 0x00, 0x00, 0x00,
    0x00, 0x00, 0x00, 0x00, 0x00, 0x00, 0x00, 0x00, 0x00, 0x00, 0x00, 0x00,
    0x00, 0x00, 0x00, 0x00, 0x00, 0x00, 0x00, 0x00, 0x00, 0x00, 0x00, 0x00,
    0x00, 0x00, 0x00, 0x00, 0x00, 0x00, 0x00, 0x00, 0x00, 0x00, 0x00, 0x00
};
static const Frame surprised_frames[] = {
    Frame{72, 76, surprised_frame_1},
    Frame{72, 76, surprised_frame_2},
    Frame{72, 76, surprised_frame_3},
    Frame{72, 76, surprised_frame_4},
    Frame{72, 76, surprised_frame_5},
    Frame{72, 76, surprised_frame_6},
    Frame{72, 76, surprised_frame_7},
    Frame{72, 76, surprised_frame_8},
    Frame{72, 76, surprised_frame_9},
    Frame{72, 76, surprised_frame_10},
};

inline const Frame *get_frames(Expression expression)
{
    switch (expression) {
        case Expression::Happy: return happy_frames;
        case Expression::Crying: return crying_frames;
        case Expression::Angry: return angry_frames;
        case Expression::Surprised: return surprised_frames;
    }
    return happy_frames;
}

inline constexpr size_t kFrameCount = 10;

}  // namespace hermes_buddy::frames
